insert into user (id, username, school, major, gender, birth, social_email, email, weight, height, ideal_photo, mbti, created_at, updated_at) values (1, 'king', '단국대학교', '모바일시스템공학과', 'MEN', '1998-10-13', 'dsd@kakao.com', 'zx@dankook.ac.kr', 80, 175.2, 'https://jin749.site:60101/static/pickedImages/female/PFdee060a7257ac785.png', 'ESTP', now(), now());
insert into user (id, username, school, major, gender, birth, social_email, email, weight, height, ideal_photo, mbti, created_at, updated_at) values (2, '아이리스', '평택대', '간호학과', 'WOMEN', '1998-05-29', 'cnorcliffe1@kakao.com', 'cnorcliffe1@moonfruit.com', 45, 161.5, 'https://jin749.site:60101/static/pickedImages/male/PMb86825e197e10fd5.png', 'ENFP', now(), now());
insert into user (id, username, school, major, gender, birth, social_email, email, weight, height, ideal_photo, mbti, created_at, updated_at) values (3, '세리나01', '숭실대', '경영학과', 'WOMEN', '2000-10-07', 'wbloxholm2@kakao.com', 'wbloxholm2@phoca.cz', 55, 173.2, 'https://jin749.site:60101/static/pickedImages/male/PM9e6563978b4c638c.png', 'ENTJ', now(), now());
insert into user (id, username, school, major, gender, birth, social_email, email, weight, height, ideal_photo, mbti, created_at, updated_at) values (4, 'David', '경북대', '소프트웨어학과', 'MEN', '1991-04-21', 'rlucy3@kakao.com', 'rlucy3@unicef.org', 90, 188.3, 'https://jin749.site:60101/static/pickedImages/female/PFdee920a7275e858c.png', 'ENTP', now(), now());
insert into user (id, username, school, major, gender, birth, social_email, email, weight, height, ideal_photo, mbti, created_at, updated_at) values (5, '에드워드', '한국외대', '소프트웨어학과', 'MEN', '2000-03-26', 'lspridgen4@kakao.com', 'lspridgen4@51.la', 80, 182.0, 'https://jin749.site:60101/static/pickedImages/female/PF9a65619787788796.png', 'ESFJ', now(), now());
insert into user (id, username, school, major, gender, birth, social_email, email, weight, height, ideal_photo, mbti, created_at, updated_at) values (6, 'Lina', '신경대', '관광경영학과', 'WOMEN', '2000-12-29', 'smoxon5@kakao.com', 'smoxon5@surveymonkey.com', 60, 161.8, 'https://jin749.site:60101/static/pickedImages/male/PM9e6471d297c84fc4.png', 'ESFP', now(), now());
insert into user (id, username, school, major, gender, birth, social_email, email, weight, height, ideal_photo, mbti, created_at, updated_at) values (7, 'Bella', '한성대', '관광경영학과', 'WOMEN', '1993-08-18', 'alavers6@kakao.com', 'alavers6@google.ca', 64, 173.1, 'https://jin749.site:60101/static/pickedImages/male/PMb86c71939161ce97.png', 'ESTJ', now(), now());
insert into user (id, username, school, major, gender, birth, social_email, email, weight, height, ideal_photo, mbti, created_at, updated_at) values (8, '루나01', '단국대', '모바일시스템공학과', 'WOMEN', '1996-11-04', 'qeldrett7@kakao.com', 'qeldrett7@google.com.br', 58, 150.2, 'https://jin749.site:60101/static/pickedImages/male/PM9a69618797487ba5.png', 'ESTP', now(), now());
insert into user (id, username, school, major, gender, birth, social_email, email, weight, height, ideal_photo, mbti, created_at, updated_at) values (9, 'Oliver', '성균관대', '국어국문학과', 'MEN', '1998-10-19', 'nshimmans8@kakao.com', 'nshimmans8@printfriendly.com', 64, 169.7, 'https://jin749.site:60101/static/pickedImages/female/PF8fb574f2327592c0.png', 'INFJ', now(), now());
insert into user (id, username, school, major, gender, birth, social_email, email, weight, height, ideal_photo, mbti, created_at, updated_at) values (10, 'Tristan', '경희대', '기계공학과', 'MEN', '2000-03-18', 'anapton9@kakao.com', 'anapton9@miibeian.gov.cn', 72, 167.2, 'https://jin749.site:60101/static/pickedImages/female/PF8fb434f2f21b82d8.png', 'INFP', now(), now());
insert into user (id, username, school, major, gender, birth, social_email, email, weight, height, ideal_photo, mbti, created_at, updated_at) values (11, 'Leonard', '동국대', '기계공학과', 'MEN', '2001-10-06', 'lrickisa@kakao.com', 'lrickisa@mlb.com', 77, 176.3, 'https://jin749.site:60101/static/pickedImages/female/PFcf307433233dd788.png', 'INTJ', now(), now());
insert into user (id, username, school, major, gender, birth, social_email, email, weight, height, ideal_photo, mbti, created_at, updated_at) values (12, '제임si', '서강대', '법학과', 'MEN', '1994-10-31', 'gepiscopiob@kakao.com', 'gepiscopiob@unc.edu', 76, 165.7, 'https://jin749.site:60101/static/pickedImages/female/PFcf3064d3c43c97c9.png', 'INTP', now(), now());
insert into user (id, username, school, major, gender, birth, social_email, email, weight, height, ideal_photo, mbti, created_at, updated_at) values (13, 'Emily', '연세대', '법학과', 'WOMEN', '2003-09-24', 'gcarhartc@kakao.com', 'gcarhartc@jiathis.com', 65, 177.2, 'https://jin749.site:60101/static/pickedImages/male/PMe86871b1b3a1c5cd.png', 'ISFJ', now(), now());
insert into user (id, username, school, major, gender, birth, social_email, email, weight, height, ideal_photo, mbti, created_at, updated_at) values (14, '로만96', '서울대', '법학과', 'MEN', '1996-05-08', 'rglanisterd@kakao.com', 'rglanisterd@gizmodo.com', 82, 176.6, 'https://jin749.site:60101/static/pickedImages/female/PFafb434f2c23d92c8.png', 'ISFP', now(), now());
insert into user (id, username, school, major, gender, birth, social_email, email, weight, height, ideal_photo, mbti, created_at, updated_at) values (15, 'Colin', '아주대', '사회복지학과', 'MEN', '1990-06-05', 'gpollastrinoe@kakao.com', 'gpollastrinoe@rambler.ru', 89, 197.2, 'https://jin749.site:60101/static/pickedImages/female/PFdea021f7836fc684.png', 'ISTJ', now(), now());
insert into user (id, username, school, major, gender, birth, social_email, email, weight, height, ideal_photo, mbti, created_at, updated_at) values (16, 'Elodie', '단국대', '사회복지학과', 'WOMEN', '1994-12-29', 'rvolckerf@kakao.com', 'rvolckerf@hexun.com', 48, 165.8, 'https://jin749.site:60101/static/pickedImages/male/PM9e6c21b393f846cc.png', 'ISTP', now(), now());
insert into user (id, username, school, major, gender, birth, social_email, email, weight, height, ideal_photo, mbti, created_at, updated_at) values (17, '윌리엄00', '인하대', '사회복지학과', 'MEN', '2000-01-04', 'tgreenroadg@kakao.com', 'tgreenroadg@wix.com', 76, 174.1, 'https://jin749.site:60101/static/pickedImages/female/PFdc6923a7275c858d.png', 'ENFJ', now(), now());
insert into user (id, username, school, major, gender, birth, social_email, email, weight, height, ideal_photo, mbti, created_at, updated_at) values (18, 'Lucas', '명지대', '건축학과', 'MEN', '2004-05-19', 'sisaach@kakao.com', 'sisaach@twitter.com', 95, 188.5, 'https://jin749.site:60101/static/pickedImages/female/PFcfa025e3817f86d4.png', 'ESFP', now(), now());
insert into user (id, username, school, major, gender, birth, social_email, email, weight, height, ideal_photo, mbti, created_at, updated_at) values (19, '이안00', '호서대', '건축학과', 'MEN', '2000-12-18', 'ggrayeri@kakao.com', 'ggrayeri@forbes.com', 71, 174.2, 'https://jin749.site:60101/static/pickedImages/female/PF8af520e7a766869c.png', 'INTP', now(), now());
insert into user (id, username, school, major, gender, birth, social_email, email, weight, height, ideal_photo, mbti, created_at, updated_at) values (20, '미카엘라', '이화여대', '유아교육학과', 'WOMEN', '1999-08-19', 'cmckeej@kakao.com' ,'cmckeej@netlog.com', 52, 163.3, 'https://jin749.site:60101/static/pickedImages/male/PMaf3d34f0d0d06ed0.png', 'INFP', now(), now());
insert into user (id, username, school, major, gender, birth, social_email, email, weight, height, ideal_photo, mbti, created_at, updated_at) values (21, 'Jackson', '삼육대', '무역학과', 'MEN', '2000-10-06', 'rlaalswns@kakao.com' ,'rlaalswns@mlb.com', 73, 176.3, 'https://jin749.site:60101/static/pickedImages/female/PFdee920b7076f8584.png', 'INTJ', now(), now());
insert into user (id, username, school, major, gender, birth, social_email, email, weight, height, ideal_photo, mbti, created_at, updated_at) values (22, '마이클01', '광운대', '무역학과', 'MEN', '2001-10-31', 'rlatjwns@kakao.com', 'rlatjwns@unc.edu', 76, 165.7, 'https://jin749.site:60101/static/pickedImages/female/PFea68a5a786949e9c.png', 'INTP', now(), now());
insert into user (id, username, school, major, gender, birth, social_email, email, weight, height, ideal_photo, mbti, created_at, updated_at) values (23, 'Ryan', '대진대', '컴퓨터공학과', 'MEN', '2003-09-24', 'rlaehdbs@kakao.com', 'rlaehdbs@jiathis.com', 72, 174.2, 'https://jin749.site:60101/static/pickedImages/female/PF8f7075d2c738c691.png', 'ISFJ', now(), now());
insert into user (id, username, school, major, gender, birth, social_email, email, weight, height, ideal_photo, mbti, created_at, updated_at) values (24, 'Connor', '한양대', '컴퓨터공학과', 'MEN', '1996-05-08', 'rladPwbs@kakao.com', 'rladPwbs@gizmodo.com', 82, 168.6, 'https://jin749.site:60101/static/pickedImages/female/PFfae161b78729c684.png', 'ISFP', now(), now());
insert into user (id, username, school, major, gender, birth, social_email, email, weight, height, ideal_photo, mbti, created_at, updated_at) values (25, '캐롤린90', '건국대', '컴퓨터공학과', 'WOMEN', '1990-06-05', 'rlattldn@kakao.com', 'rlattldn@rambler.ru', 59, 170.2, 'https://jin749.site:60101/static/pickedImages/male/PMbd6d30f0b3f006cc.png', 'ISTJ', now(), now());
insert into user (id, username, school, major, gender, birth, social_email, email, weight, height, ideal_photo, mbti, created_at, updated_at) values (26, 'Sophia', '성신여대', '컴퓨터공학과', 'WOMEN', '1994-12-29', 'rlatjdus@kakao.com', 'rlatjdus@hexun.com', 48, 152.8, 'https://jin749.site:60101/static/pickedImages/male/PMb8686195856d6797.png', 'ISTP', now(), now());
insert into user (id, username, school, major, gender, birth, social_email, email, weight, height, ideal_photo, mbti, created_at, updated_at) values (27, '사브린나', '동국대', '응용통계학과', 'WOMEN', '2000-01-04', 'rlagkdms@kakao.com', 'rlagkdms@wix.com', 63, 164.1, 'https://jin749.site:60101/static/pickedImages/male/PM9a6c6926256cda9b.png', 'ENFJ', now(), now());
insert into user (id, username, school, major, gender, birth, social_email, email, weight, height, ideal_photo, mbti, created_at, updated_at) values (28, 'Miranda', '서울시립대', '응용통계학과', 'WOMEN', '2004-05-19', 'rlawldb@kakao.com', 'rlawldb@twitter.com', 59, 158.5, 'https://jin749.site:60101/static/pickedImages/male/PMac2c71b393e16ccc.png', 'ESFP', now(), now());
insert into user (id, username, school, major, gender, birth, social_email, email, weight, height, ideal_photo, mbti, created_at, updated_at) values (29, '케이zk', '세종대', '기계공학과', 'WOMEN', '2004-12-18', 'rladbstj@kakao.com', 'rladbstj@forbes.com', 51, 157.2, 'https://jin749.site:60101/static/pickedImages/male/PMec6c719393656c86.png', 'INTP', now(), now());
insert into user (id, username, school, major, gender, birth, social_email, email, weight, height, ideal_photo, mbti, created_at, updated_at) values (30, 'Stella', '충남대', '통계학과', 'WOMEN', '1999-08-19','rlatndk@kakao.com', 'rlatndk@netlog.com', 82, 173.3, 'https://jin749.site:60101/static/pickedImages/male/PMf86861a3b3616d8d.png', 'INFP', now(), now());
insert into user (id, username, school, major, gender, birth, social_email, email, weight, height, ideal_photo, mbti, created_at, updated_at) values (31, 'Henry', '카이스트', '화학과', 'MEN', '1999-08-19', 'rladbcks@kakao.com', 'rladbcks@netlog.com', 82, 193.3, 'https://jin749.site:60101/static/pickedImages/female/PFfa6121a7a71cc69c.png', 'INFP', now(), now());

insert into `group` (id, group_name, gender, school, member_size_limit, is_matched, is_joinable, memo, ideal_photo, created_at, updated_at) values (1, '동그라미', 'MEN', '중부대', 4, false, true, '단국대학교 컴공팀입니다. 잘부탁드려요!!!', 'https://jin749.site:60101/static/pickedImages/female/PFdee060a7257ac785.png', now(), now());
insert into `group` (id, group_name, gender, school, member_size_limit, is_matched, is_joinable, memo, ideal_photo, created_at, updated_at) values (2, '파트너스', 'WOMEN', '평택대', 4, false, true, '', 'https://jin749.site:60101/static/pickedImages/male/PMb86825e197e10fd5.png', now(), now());
insert into `group` (id, group_name, gender, school, member_size_limit, is_matched, is_joinable, memo, ideal_photo, created_at, updated_at) values (3, '연결고리', 'MEN', '경희대', 4, false, true, '', 'https://jin749.site:60101/static/pickedImages/female/PF8fb434f2f21b82d8.png', now(), now());
insert into `group` (id, group_name, gender, school, member_size_limit, is_matched, is_joinable, memo, ideal_photo, created_at, updated_at) values (4, '비1F4', 'MEN', '명지대', 4, false, true, '', 'https://jin749.site:60101/static/pickedImages/female/PFcfa025e3817f86d4.png', now(), now());
insert into `group` (id, group_name, gender, school, member_size_limit, is_matched, is_joinable, memo, ideal_photo, created_at, updated_at) values (5, 'PlayMakers', 'MEN', '한국외대', 4, false, true, '', 'https://jin749.site:60101/static/pickedImages/female/PF9a65619787788796.png', now(), now());
insert into `group` (id, group_name, gender, school, member_size_limit, is_matched, is_joinable, memo, ideal_photo, created_at, updated_at) values (6, '화이트로즈스', 'WOMEN', '신경대', 4, false, true, '', 'https://jin749.site:60101/static/pickedImages/male/PM9e6471d297c84fc4.png', now(), now());
insert into `group` (id, group_name, gender, school, member_size_limit, is_matched, is_joinable, memo, ideal_photo, created_at, updated_at) values (7, '퀸비즈', 'WOMEN', '한성대', 4, false, true, '', 'https://jin749.site:60101/static/pickedImages/male/PMb86c71939161ce97.png', now(), now());
insert into `group` (id, group_name, gender, school, member_size_limit, is_matched, is_joinable, memo, ideal_photo, created_at, updated_at) values (8, '플로럴스', 'WOMEN', '단국대', 4, false, true, '', 'https://jin749.site:60101/static/pickedImages/male/PM9a69618797487ba5.png', now(), now());
insert into `group` (id, group_name, gender, school, member_size_limit, is_matched, is_joinable, memo, ideal_photo, created_at, updated_at) values (9, '브라더스', 'MEN', '삼육대', 4, false, true, '', 'https://jin749.site:60101/static/pickedImages/female/PFdee920b7076f8584.png', now(), now());
insert into `group` (id, group_name, gender, school, member_size_limit, is_matched, is_joinable, memo, ideal_photo, created_at, updated_at) values (10, '레이디', 'WOMEN', '연세대', 4, false, false, '', 'https://jin749.site:60101/static/pickedImages/male/PMe86871b1b3a1c5cd.png', now(), now());
insert into `group` (id, group_name, gender, school, member_size_limit, is_matched, is_joinable, memo, ideal_photo, created_at, updated_at) values (11, '아로마', 'WOMEN', '이화여대', 4, false, true, '', 'https://jin749.site:60101/static/pickedImages/male/PMaf3d34f0d0d06ed0.png', now(), now());
insert into `group` (id, group_name, gender, school, member_size_limit, is_matched, is_joinable, memo, ideal_photo, created_at, updated_at) values (12, 'Mastery', 'MEN', '광운대', 4, false, true, '', 'https://jin749.site:60101/static/pickedImages/female/PFea68a5a786949e9c.png', now(), now());
insert into `group` (id, group_name, gender, school, member_size_limit, is_matched, is_joinable, memo, ideal_photo, created_at, updated_at) values (13, 'Strikers', 'MEN', '대진대', 4, false, true, '', 'https://jin749.site:60101/static/pickedImages/female/PF8f7075d2c738c691.png', now(), now());
insert into `group` (id, group_name, gender, school, member_size_limit, is_matched, is_joinable, memo, ideal_photo, created_at, updated_at) values (14, '플라워', 'WOMEN', '성신여대', 4, false, true, '', 'https://jin749.site:60101/static/pickedImages/male/PMb8686195856d6797.png', now(), now());
insert into `group` (id, group_name, gender, school, member_size_limit, is_matched, is_joinable, memo, ideal_photo, created_at, updated_at) values (15, '미드나잇', 'WOMEN', '동국대', 4, false, true, '', 'https://jin749.site:60101/static/pickedImages/male/PM9a6c6926256cda9b.png', now(), now());
insert into `group` (id, group_name, gender, school, member_size_limit, is_matched, is_joinable, memo, ideal_photo, created_at, updated_at) values (16, '드림포스', 'MEN', '아주대', 4, false, true, '', 'https://jin749.site:60101/static/pickedImages/female/PFdea021f7836fc684.png', now(), now());
insert into `group` (id, group_name, gender, school, member_size_limit, is_matched, is_joinable, memo, ideal_photo, created_at, updated_at) values (17, '선셋', 'WOMEN', '서울시립대', 4, false, true, '', 'https://jin749.site:60101/static/pickedImages/male/PMac2c71b393e16ccc.png', now(), now());
insert into `group` (id, group_name, gender, school, member_size_limit, is_matched, is_joinable, memo, ideal_photo, created_at, updated_at) values (18, '드림컴트', 'MEN', '한양대', 4, false, false, '', 'https://jin749.site:60101/static/pickedImages/female/PFfae161b78729c684.png', now(), now());
insert into `group` (id, group_name, gender, school, member_size_limit, is_matched, is_joinable, memo, ideal_photo, created_at, updated_at) values (19, 'Storm', 'MEN', '카이스트', 4, false, true, '', 'https://jin749.site:60101/static/pickedImages/female/PFfa6121a7a71cc69c.png', now(), now());
insert into `group` (id, group_name, gender, school, member_size_limit, is_matched, is_joinable, memo, ideal_photo, created_at, updated_at) values (20, 'Rainbow', 'WOMEN', '충남대', 2, false, false, '', 'https://jin749.site:60101/static/pickedImages/male/PMf86861a3b3616d8d.png', now(), now());
insert into `group` (id, group_name, gender, school, member_size_limit, is_matched, is_joinable, memo, ideal_photo, created_at, updated_at) values (21, 'Fantasia', 'WOMEN', '단국대', 2, false, false, '', 'https://jin749.site:60101/static/pickedImages/male/PM9a6c6926256cda9b.png', now(), now());
insert into `group` (id, group_name, gender, school, member_size_limit, is_matched, is_joinable, memo, ideal_photo, created_at, updated_at) values (22, '라임', 'WOMEN', '성신여대', 2, false, false, '', 'https://jin749.site:60101/static/pickedImages/male/PMe86871b1b3a1c5cd.png', now(), now());

insert into group_like_to_join(id, from_user_id, to_group_id, created_at, updated_at) values (1, 1, 16, now(), now());
insert into group_like_to_join(id, from_user_id, to_group_id, created_at, updated_at) values (2, 1, 18, now(), now());

insert into group_date_request(id, from_id, to_id, created_at, updated_at) values (1, 2, 1, now(), now());
insert into group_date_request(id, from_id, to_id, created_at, updated_at) values (2, 6, 1, now(), now());
insert into group_date_request(id, from_id, to_id, created_at, updated_at) values (3, 7, 1, now(), now());
insert into group_date_request(id, from_id, to_id, created_at, updated_at) values (4, 8, 1, now(), now());
insert into group_date_request(id, from_id, to_id, created_at, updated_at) values (5, 1, 17, now(), now());
insert into group_date_request(id, from_id, to_id, created_at, updated_at) values (6, 1, 19, now(), now());

insert into group_member (id, group_id, member_id, role, created_at, updated_at) values (1, 1, 1, 'LEADER', now(), now());
insert into group_member (id, group_id, member_id, role, created_at, updated_at) values (2, 2, 2, 'LEADER', now(), now());
insert into group_member (id, group_id, member_id, role, created_at, updated_at) values (3, 3, 10, 'LEADER', now(), now());
insert into group_member (id, group_id, member_id, role, created_at, updated_at) values (4, 4, 18, 'LEADER', now(), now());
insert into group_member (id, group_id, member_id, role, created_at, updated_at) values (5, 5, 5, 'LEADER', now(), now());
insert into group_member (id, group_id, member_id, role, created_at, updated_at) values (6, 6, 6, 'LEADER', now(), now());
insert into group_member (id, group_id, member_id, role, created_at, updated_at) values (7, 7, 7, 'LEADER', now(), now());
insert into group_member (id, group_id, member_id, role, created_at, updated_at) values (8, 8, 8, 'LEADER', now(), now());
insert into group_member (id, group_id, member_id, role, created_at, updated_at) values (9, 9, 21, 'LEADER', now(), now());
insert into group_member (id, group_id, member_id, role, created_at, updated_at) values (10, 10, 13, 'LEADER', now(), now());
insert into group_member (id, group_id, member_id, role, created_at, updated_at) values (11, 11, 20, 'LEADER', now(), now());
insert into group_member (id, group_id, member_id, role, created_at, updated_at) values (12, 12, 22, 'LEADER', now(), now());
insert into group_member (id, group_id, member_id, role, created_at, updated_at) values (13, 13, 23, 'LEADER', now(), now());
insert into group_member (id, group_id, member_id, role, created_at, updated_at) values (14, 14, 26, 'LEADER', now(), now());
insert into group_member (id, group_id, member_id, role, created_at, updated_at) values (15, 15, 27, 'LEADER', now(), now());
insert into group_member (id, group_id, member_id, role, created_at, updated_at) values (16, 16, 15, 'LEADER', now(), now());
insert into group_member (id, group_id, member_id, role, created_at, updated_at) values (17, 17, 28, 'LEADER', now(), now());
insert into group_member (id, group_id, member_id, role, created_at, updated_at) values (18, 18, 24, 'LEADER', now(), now());
insert into group_member (id, group_id, member_id, role, created_at, updated_at) values (19, 19, 31, 'LEADER', now(), now());
insert into group_member (id, group_id, member_id, role, created_at, updated_at) values (20, 20, 30, 'LEADER', now(), now());
insert into group_member (id, group_id, member_id, role, created_at, updated_at) values (21, 21, 27, 'LEADER', now(), now());
insert into group_member (id, group_id, member_id, role, created_at, updated_at) values (22, 22, 13, 'LEADER', now(), now());



insert into group_member (id, group_id, member_id, role, created_at, updated_at) values (21, 1, 14, 'MEMBER', now(), now());
insert into group_member (id, group_id, member_id, role, created_at, updated_at) values (22, 1, 10, 'MEMBER', now(), now());
insert into group_member (id, group_id, member_id, role, created_at, updated_at) values (23, 3, 1, 'MEMBER', now(), now());
insert into group_member (id, group_id, member_id, role, created_at, updated_at) values (24, 5, 1, 'MEMBER', now(), now());
insert into group_member (id, group_id, member_id, role, created_at, updated_at) values (25, 4, 21, 'MEMBER', now(), now());
insert into group_member (id, group_id, member_id, role, created_at, updated_at) values (26, 17, 29, 'MEMBER', now(), now());
insert into group_member (id, group_id, member_id, role, created_at, updated_at) values (27, 10, 29, 'MEMBER', now(), now());
insert into group_member (id, group_id, member_id, role, created_at, updated_at) values (28, 10, 28, 'MEMBER', now(), now());
insert into group_member (id, group_id, member_id, role, created_at, updated_at) values (29, 10, 27, 'MEMBER', now(), now());
insert into group_member (id, group_id, member_id, role, created_at, updated_at) values (30, 18, 21, 'MEMBER', now(), now());
insert into group_member (id, group_id, member_id, role, created_at, updated_at) values (31, 18, 22, 'MEMBER', now(), now());
insert into group_member (id, group_id, member_id, role, created_at, updated_at) values (32, 18, 23, 'MEMBER', now(), now());
insert into group_member (id, group_id, member_id, role, created_at, updated_at) values (32, 20, 25, 'MEMBER', now(), now());
insert into group_member (id, group_id, member_id, role, created_at, updated_at) values (33, 21, 20, 'MEMBER', now(), now());
insert into group_member (id, group_id, member_id, role, created_at, updated_at) values (34, 22, 7, 'MEMBER', now(), now());


insert into group_member_request (id, group_id, user_id, created_at, updated_at) values (1, 1, 5, now(), now());
insert into group_member_request (id, group_id, user_id, created_at, updated_at) values (2, 1, 4, now(), now());
insert into group_member_request (id, group_id, user_id, created_at, updated_at) values (3, 2, 3, now(), now());
insert into group_member_request (id, group_id, user_id, created_at, updated_at) values (4, 4, 1, now(), now());
insert into group_member_request (id, group_id, user_id, created_at, updated_at) values (5, 19, 1, now(), now());

insert into group_like_to_date(id, from_group_member_id, to_group_id, created_at, updated_at) values (1, 1, 10, now(), now());
insert into group_like_to_date(id, from_group_member_id, to_group_id, created_at, updated_at) values (2, 8, 1, now(), now());
insert into group_like_to_date(id, from_group_member_id, to_group_id, created_at, updated_at) values (3, 1, 8, now(), now());

insert into blind_request(id, from_user_id, to_user_id, request_status, created_at, updated_at) values(1, 1, 6, 'PENDING', now(), now());
insert into blind_request(id, from_user_id, to_user_id, request_status, created_at, updated_at) values(2, 1, 7, 'PENDING', now(), now());
insert into blind_request(id, from_user_id, to_user_id, request_status, created_at, updated_at) values(3, 29, 1, 'PENDING', now(), now());
insert into blind_request(id, from_user_id, to_user_id, request_status, created_at, updated_at) values(4, 30, 1, 'PENDING', now(), now());
insert into blind_request(id, from_user_id, to_user_id, request_status, created_at, updated_at) values(5, 25, 1, 'ACCEPTED', now(), now());

insert into blind_like(id, from_user_id, to_user_id, created_at, updated_at) values(1, 1, 6, now(), now());
insert into blind_like(id, from_user_id, to_user_id, created_at, updated_at) values(2, 1, 25, now(), now());
insert into blind_like(id, from_user_id, to_user_id, created_at, updated_at) values(3, 1, 8, now(), now());


insert into blind_date(id, men_user_id, women_user_id, created_at, updated_at) values(1, 1, 25, now(), now());