insert into user (id, username, school, major, gender, birth, email, weight, height, ideal_photo, mbti, created_at, updated_at) values (1, '이율', 'Universidad Adventista de Colombia', 'Human Resources', 'MEN', '1990-10-25', 'pkiernan0@artisteer.com', 111, 171.1, 'http://dummyimage.com/113x100.png/ff4444/ffffff', 'ENFJ', now(), now());
insert into user (id, username, school, major, gender, birth, email, weight, height, ideal_photo, mbti, created_at, updated_at) values (2, '이은성', 'Technological University (West Yangon)', 'Sales', 'WOMEN', '1998-05-29', 'cnorcliffe1@moonfruit.com', 88, 191.5, 'http://dummyimage.com/218x100.png/dddddd/000000', 'ENFP', now(), now());
insert into user (id, username, school, major, gender, birth, email, weight, height, ideal_photo, mbti, created_at, updated_at) values (3, '이태양', 'University of Belize', 'Training', 'WOMEN', '2000-10-07', 'wbloxholm2@phoca.cz', 163, 183.2, 'http://dummyimage.com/138x100.png/5fa2dd/ffffff', 'ENTJ', now(), now());
insert into user (id, username, school, major, gender, birth, email, weight, height, ideal_photo, mbti, created_at, updated_at) values (4, '이준희', 'Universidade de Franca', 'Accounting', 'MEN', '1991-04-21', 'rlucy3@unicef.org', 160, 198.3, 'http://dummyimage.com/206x100.png/cc0000/ffffff', 'ENTP', now(), now());
insert into user (id, username, school, major, gender, birth, email, weight, height, ideal_photo, mbti, created_at, updated_at) values (5, '이건', 'Maasai Mara University', 'Marketing', 'MEN', '2000-03-26', 'lspridgen4@51.la', 33, 182.0, 'http://dummyimage.com/124x100.png/dddddd/000000', 'ESFJ', now(), now());
insert into user (id, username, school, major, gender, birth, email, weight, height, ideal_photo, mbti, created_at, updated_at) values (6, '하세아', 'Al-Nasser University', 'Sales', 'WOMEN', '2000-12-29', 'smoxon5@surveymonkey.com', 109, 181.8, 'http://dummyimage.com/176x100.png/ff4444/ffffff', 'ESFP', now(), now());
insert into user (id, username, school, major, gender, birth, email, weight, height, ideal_photo, mbti, created_at, updated_at) values (7, '하세은', 'University of Northern Washington', 'Services', 'WOMEN', '1993-08-18', 'alavers6@google.ca', 124, 173.1, 'http://dummyimage.com/157x100.png/cc0000/ffffff', 'ESTJ', now(), now());
insert into user (id, username, school, major, gender, birth, email, weight, height, ideal_photo, mbti, created_at, updated_at) values (8, '하도연', 'Pennsylvania State University at Erie - Behrend College', 'Business Development', 'WOMEN', '1996-11-04', 'qeldrett7@google.com.br', 58, 150.2, 'http://dummyimage.com/136x100.png/ff4444/ffffff', 'ESTP', now(), now());
insert into user (id, username, school, major, gender, birth, email, weight, height, ideal_photo, mbti, created_at, updated_at) values (9, '하현수', 'Université d''Alger 3', 'Marketing', 'MEN', '1998-10-19', 'nshimmans8@printfriendly.com', 61, 165.7, 'http://dummyimage.com/227x100.png/5fa2dd/ffffff', 'INFJ', now(), now());
insert into user (id, username, school, major, gender, birth, email, weight, height, ideal_photo, mbti, created_at, updated_at) values (10, '임주하', 'University of Great Falls', 'Marketing', 'MEN', '2000-03-18', 'anapton9@miibeian.gov.cn', 47, 187.2, 'http://dummyimage.com/170x100.png/cc0000/ffffff', 'INFP', now(), now());
insert into user (id, username, school, major, gender, birth, email, weight, height, ideal_photo, mbti, created_at, updated_at) values (11, '임승원', 'Perm State Technical University', 'Support', 'MEN', '2001-10-06', 'lrickisa@mlb.com', 37, 176.3, 'http://dummyimage.com/169x100.png/5fa2dd/ffffff', 'INTJ', now(), now());
insert into user (id, username, school, major, gender, birth, email, weight, height, ideal_photo, mbti, created_at, updated_at) values (12, '임우주', 'Ondokuz Mayis University Samsun', 'Support', 'MEN', '1994-10-31', 'gepiscopiob@unc.edu', 176, 165.7, 'http://dummyimage.com/250x100.png/dddddd/000000', 'INTP', now(), now());
insert into user (id, username, school, major, gender, birth, email, weight, height, ideal_photo, mbti, created_at, updated_at) values (13, '임민채', 'University of Lucerne', 'Marketing', 'WOMEN', '2003-09-24', 'gcarhartc@jiathis.com', 172, 147.2, 'http://dummyimage.com/139x100.png/cc0000/ffffff', 'ISFJ', now(), now());
insert into user (id, username, school, major, gender, birth, email, weight, height, ideal_photo, mbti, created_at, updated_at) values (14, '임하민', 'Arizona State University, Tempe Campus', 'Support', 'MEN', '1996-05-08', 'rglanisterd@gizmodo.com', 182, 156.6, 'http://dummyimage.com/164x100.png/dddddd/000000', 'ISFP', now(), now());
insert into user (id, username, school, major, gender, birth, email, weight, height, ideal_photo, mbti, created_at, updated_at) values (15, '윤지완', 'Bentley College', 'Marketing', 'MEN', '1990-06-05', 'gpollastrinoe@rambler.ru', 89, 197.2, 'http://dummyimage.com/228x100.png/dddddd/000000', 'ISTJ', now(), now());
insert into user (id, username, school, major, gender, birth, email, weight, height, ideal_photo, mbti, created_at, updated_at) values (16, '윤예림', 'New York College of Podiatric Medicine', 'Services', 'WOMEN', '1994-12-29', 'rvolckerf@hexun.com', 148, 165.8, 'http://dummyimage.com/113x100.png/cc0000/ffffff', 'ISTP', now(), now());
insert into user (id, username, school, major, gender, birth, email, weight, height, ideal_photo, mbti, created_at, updated_at) values (17, '윤태현', 'University of Teramo', 'Accounting', 'MEN', '2000-01-04', 'tgreenroadg@wix.com', 36, 154.1, 'http://dummyimage.com/172x100.png/cc0000/ffffff', 'ENFJ', now(), now());
insert into user (id, username, school, major, gender, birth, email, weight, height, ideal_photo, mbti, created_at, updated_at) values (18, '윤민호', 'CMJ University', 'Product Management', 'MEN', '2004-05-19', 'sisaach@twitter.com', 95, 148.5, 'http://dummyimage.com/229x100.png/5fa2dd/ffffff', 'ESFP', now(), now());
insert into user (id, username, school, major, gender, birth, email, weight, height, ideal_photo, mbti, created_at, updated_at) values (19, '민혁', 'Alsadrain University', 'Business Development', 'MEN', '2000-12-18', 'ggrayeri@forbes.com', 51, 147.2, 'http://dummyimage.com/246x100.png/ff4444/ffffff', 'INTP', now(), now());
insert into user (id, username, school, major, gender, birth, email, weight, height, ideal_photo, mbti, created_at, updated_at) values (20, '지수', 'Aleksander Gieysztor School of Humanities in Pultusk', 'Product Management', 'WOMEN', '1999-08-19', 'cmckeej@netlog.com', 82, 193.3, 'http://dummyimage.com/120x100.png/cc0000/ffffff', 'INFP', now(), now());
insert into user (id, username, school, major, gender, birth, email, weight, height, ideal_photo, mbti, created_at, updated_at) values (21, '김민준', 'Perm State Technical University', 'Support', 'MEN', '2000-10-06', 'rlaalswns@mlb.com', 37, 176.3, 'http://dummyimage.com/169x100.png/5fa2dd/ffffff', 'INTJ', now(), now());
insert into user (id, username, school, major, gender, birth, email, weight, height, ideal_photo, mbti, created_at, updated_at) values (22, '김서준', 'Ondokuz Mayis University Samsun', 'Support', 'MEN', '2001-10-31', 'rlatjwns@unc.edu', 176, 165.7, 'http://dummyimage.com/250x100.png/dddddd/000000', 'INTP', now(), now());
insert into user (id, username, school, major, gender, birth, email, weight, height, ideal_photo, mbti, created_at, updated_at) values (23, '김도윤', 'University of Lucerne', 'Marketing', 'MEN', '2003-09-24', 'rlaehdbs@jiathis.com', 172, 147.2, 'http://dummyimage.com/139x100.png/cc0000/ffffff', 'ISFJ', now(), now());
insert into user (id, username, school, major, gender, birth, email, weight, height, ideal_photo, mbti, created_at, updated_at) values (24, '김예준', 'Arizona State University, Tempe Campus', 'Support', 'MEN', '1996-05-08', 'rladPwbs@gizmodo.com', 182, 156.6, 'http://dummyimage.com/164x100.png/dddddd/000000', 'ISFP', now(), now());
insert into user (id, username, school, major, gender, birth, email, weight, height, ideal_photo, mbti, created_at, updated_at) values (25, '김시우', 'Bentley College', 'Marketing', 'WOMEN', '1990-06-05', 'rlattldn@rambler.ru', 89, 197.2, 'http://dummyimage.com/228x100.png/dddddd/000000', 'ISTJ', now(), now());
insert into user (id, username, school, major, gender, birth, email, weight, height, ideal_photo, mbti, created_at, updated_at) values (26, '김서연', 'New York College of Podiatric Medicine', 'Services', 'WOMEN', '1994-12-29', 'rlatjdus@hexun.com', 148, 165.8, 'http://dummyimage.com/113x100.png/cc0000/ffffff', 'ISTP', now(), now());
insert into user (id, username, school, major, gender, birth, email, weight, height, ideal_photo, mbti, created_at, updated_at) values (27, '김하은', 'University of Teramo', 'Accounting', 'WOMEN', '2000-01-04', 'rlagkdms@wix.com', 36, 154.1, 'http://dummyimage.com/172x100.png/cc0000/ffffff', 'ENFJ', now(), now());
insert into user (id, username, school, major, gender, birth, email, weight, height, ideal_photo, mbti, created_at, updated_at) values (28, '김지유', 'CMJ University', 'Product Management', 'WOMEN', '2004-05-19', 'rlawldb@twitter.com', 95, 148.5, 'http://dummyimage.com/229x100.png/5fa2dd/ffffff', 'ESFP', now(), now());
insert into user (id, username, school, major, gender, birth, email, weight, height, ideal_photo, mbti, created_at, updated_at) values (29, '김윤서', 'Alsadrain University', 'Business Development', 'WOMEN', '2004-12-18', 'rladbstj@forbes.com', 51, 147.2, 'http://dummyimage.com/246x100.png/ff4444/ffffff', 'INTP', now(), now());
insert into user (id, username, school, major, gender, birth, email, weight, height, ideal_photo, mbti, created_at, updated_at) values (30, '김수아', 'Aleksander Gieysztor School of Humanities in Pultusk', 'Product Management', 'WOMEN', '1999-08-19', 'rlatndk@netlog.com', 82, 193.3, 'http://dummyimage.com/120x100.png/cc0000/ffffff', 'INFP', now(), now());
insert into user (id, username, school, major, gender, birth, email, weight, height, ideal_photo, mbti, created_at, updated_at) values (31, '김유찬', 'Aleksander Gieysztor School of Humanities in Pultusk', 'Product Management', 'MEN', '1999-08-19', 'rladbcks@netlog.com', 82, 193.3, 'http://dummyimage.com/120x100.png/cc0000/ffffff', 'INFP', now(), now());

insert into `group` (id, group_name, gender, school, member_size_limit, is_matched, is_joinable, memo, created_at, updated_at) values (1, '과팅팀1', 'MEN', '단국대학교', 4, false, true, '', now(), now());
insert into `group` (id, group_name, gender, school, member_size_limit, is_matched, is_joinable, memo, created_at, updated_at) values (2, '과팅팀2', 'WOMEN', '홍익대학교', 4, false, true, '', now(), now());
insert into `group` (id, group_name, gender, school, member_size_limit, is_matched, is_joinable, memo, created_at, updated_at) values (3, '과팅팀3', 'MEN', '동국대학교', 4, false, true, '', now(), now());
insert into `group` (id, group_name, gender, school, member_size_limit, is_matched, is_joinable, memo, created_at, updated_at) values (4, '과팅팀4', 'MEN', '서울대학교', 4, false, true, '', now(), now());
insert into `group` (id, group_name, gender, school, member_size_limit, is_matched, is_joinable, memo, created_at, updated_at) values (5, '과팅팀5', 'MEN', '연세대학교', 4, false, true, '', now(), now());
insert into `group` (id, group_name, gender, school, member_size_limit, is_matched, is_joinable, memo, created_at, updated_at) values (6, '과팅팀6', 'WOMEN', '건국대학교', 4, false, true, '', now(), now());
insert into `group` (id, group_name, gender, school, member_size_limit, is_matched, is_joinable, memo, created_at, updated_at) values (7, '과팅팀7', 'WOMEN', '세종대학교', 4, false, true, '', now(), now());
insert into `group` (id, group_name, gender, school, member_size_limit, is_matched, is_joinable, memo, created_at, updated_at) values (8, '과팅팀8', 'WOMEN', '홍익대학교', 4, false, true, '', now(), now());
insert into `group` (id, group_name, gender, school, member_size_limit, is_matched, is_joinable, memo, created_at, updated_at) values (9, '과팅팀9', 'MEN', '가천대학교', 4, false, true, '', now(), now());
insert into `group` (id, group_name, gender, school, member_size_limit, is_matched, is_joinable, memo, created_at, updated_at) values (10, '과팅팀10', 'WOMEN', '명지대학교', 4, false, true, '', now(), now());
insert into `group` (id, group_name, gender, school, member_size_limit, is_matched, is_joinable, memo, created_at, updated_at) values (11, '과팅팀11', 'WOMEN', '국민대학교', 4, false, true, '', now(), now());
insert into `group` (id, group_name, gender, school, member_size_limit, is_matched, is_joinable, memo, created_at, updated_at) values (12, '과팅팀12', 'MEN', '성균관대학교', 4, false, true, '', now(), now());
insert into `group` (id, group_name, gender, school, member_size_limit, is_matched, is_joinable, memo, created_at, updated_at) values (13, '과팅팀13', 'MEN', '충북대학교', 4, false, true, '', now(), now());
insert into `group` (id, group_name, gender, school, member_size_limit, is_matched, is_joinable, memo, created_at, updated_at) values (14, '과팅팀14', 'WOMEN', '경기대학교', 4, false, true, '', now(), now());
insert into `group` (id, group_name, gender, school, member_size_limit, is_matched, is_joinable, memo, created_at, updated_at) values (15, '과팅팀15', 'WOMEN', '아주대학교', 4, false, true, '', now(), now());
insert into `group` (id, group_name, gender, school, member_size_limit, is_matched, is_joinable, memo, created_at, updated_at) values (16, '과팅팀16', 'MEN', '숭실대학교', 4, false, true, '', now(), now());
insert into `group` (id, group_name, gender, school, member_size_limit, is_matched, is_joinable, memo, created_at, updated_at) values (17, '과팅팀17', 'WOMEN', '이화여자대학교', 4, false, true, '', now(), now());
insert into `group` (id, group_name, gender, school, member_size_limit, is_matched, is_joinable, memo, created_at, updated_at) values (18, '과팅팀18', 'MEN', '한양대학교', 4, false, true, '', now(), now());
insert into `group` (id, group_name, gender, school, member_size_limit, is_matched, is_joinable, memo, created_at, updated_at) values (19, '과팅팀19', 'MEN', '서울시립대학교', 4, false, true, '', now(), now());
insert into `group` (id, group_name, gender, school, member_size_limit, is_matched, is_joinable, memo, created_at, updated_at) values (20, '과팅팀20', 'WOMEN', '서울예술대학교', 4, false, true, '', now(), now());

insert into group_like_to_join(from_user_id, to_group_id, created_at, updated_at) values (1, 16, now(), now());

insert into group_date_request(id, from_id, to_id, created_at, updated_at) values (1, 2, 1, now(), now());
insert into group_date_request(id, from_id, to_id, created_at, updated_at) values (2, 6, 1, now(), now());
insert into group_date_request(id, from_id, to_id, created_at, updated_at) values (3, 7, 1, now(), now());
insert into group_date_request(id, from_id, to_id, created_at, updated_at) values (4, 8, 1, now(), now());
insert into group_date_request(id, from_id, to_id, created_at, updated_at) values (5, 1, 17, now(), now());
insert into group_date_request(id, from_id, to_id, created_at, updated_at) values (6, 1, 19, now(), now());

insert into group_member (group_id, member_id, role, created_at, updated_at) values (1, 1, 'LEADER', now(), now());
insert into group_member (group_id, member_id, role, created_at, updated_at) values (2, 2, 'LEADER', now(), now());
insert into group_member (group_id, member_id, role, created_at, updated_at) values (3, 10, 'LEADER', now(), now());
insert into group_member (group_id, member_id, role, created_at, updated_at) values (4, 18, 'LEADER', now(), now());
insert into group_member (group_id, member_id, role, created_at, updated_at) values (5, 5, 'LEADER', now(), now());
insert into group_member (group_id, member_id, role, created_at, updated_at) values (6, 6, 'LEADER', now(), now());
insert into group_member (group_id, member_id, role, created_at, updated_at) values (7, 7, 'LEADER', now(), now());
insert into group_member (group_id, member_id, role, created_at, updated_at) values (8, 8, 'LEADER', now(), now());
insert into group_member (group_id, member_id, role, created_at, updated_at) values (9, 21, 'LEADER', now(), now());
insert into group_member (group_id, member_id, role, created_at, updated_at) values (10, 13, 'LEADER', now(), now());
insert into group_member (group_id, member_id, role, created_at, updated_at) values (11, 20, 'LEADER', now(), now());
insert into group_member (group_id, member_id, role, created_at, updated_at) values (12, 22, 'LEADER', now(), now());
insert into group_member (group_id, member_id, role, created_at, updated_at) values (13, 23, 'LEADER', now(), now());
insert into group_member (group_id, member_id, role, created_at, updated_at) values (14, 26, 'LEADER', now(), now());
insert into group_member (group_id, member_id, role, created_at, updated_at) values (15, 27, 'LEADER', now(), now());
insert into group_member (group_id, member_id, role, created_at, updated_at) values (16, 21, 'LEADER', now(), now());
insert into group_member (group_id, member_id, role, created_at, updated_at) values (17, 28, 'LEADER', now(), now());
insert into group_member (group_id, member_id, role, created_at, updated_at) values (18, 24, 'LEADER', now(), now());
insert into group_member (group_id, member_id, role, created_at, updated_at) values (19, 31, 'LEADER', now(), now());
insert into group_member (group_id, member_id, role, created_at, updated_at) values (20, 30, 'LEADER', now(), now());

insert into group_member (group_id, member_id, role, created_at, updated_at) values (1, 14, 'MEMBER', now(), now());
insert into group_member (group_id, member_id, role, created_at, updated_at) values (1, 10, 'MEMBER', now(), now());
insert into group_member (group_id, member_id, role, created_at, updated_at) values (3, 1, 'MEMBER', now(), now());
insert into group_member (group_id, member_id, role, created_at, updated_at) values (5, 1, 'MEMBER', now(), now());
insert into group_member (group_id, member_id, role, created_at, updated_at) values (4, 21, 'MEMBER', now(), now());
insert into group_member (group_id, member_id, role, created_at, updated_at) values (17, 29, 'MEMBER', now(), now());

insert into group_member_request (group_id, user_id, created_at, updated_at) values (1, 5, now(), now());
insert into group_member_request (group_id, user_id, created_at, updated_at) values (1, 4, now(), now());
insert into group_member_request (group_id, user_id, created_at, updated_at) values (2, 3, now(), now());
insert into group_member_request (group_id, user_id, created_at, updated_at) values (4, 1, now(), now());

insert into group_like_to_date(from_group_member_id, to_group_id, created_at, updated_at) values (1, 10, now(), now());
insert into group_like_to_date(from_group_member_id, to_group_id, created_at, updated_at) values (21, 10, now(), now());
insert into group_like_to_date(from_group_member_id, to_group_id, created_at, updated_at) values (21, 20, now(), now());
insert into group_like_to_date(from_group_member_id, to_group_id, created_at, updated_at) values (1, 11, now(), now());
insert into group_like_to_date(from_group_member_id, to_group_id, created_at, updated_at) values (1, 17, now(), now());

insert into blind_request(from_user_id, to_user_id, request_status, created_at, updated_at) values(13, 9, 'PENDING', now(), now());
insert into blind_request(from_user_id, to_user_id, request_status, created_at, updated_at) values(16, 9, 'PENDING', now(), now());