insert into user (id, username, school, major, gender, birth, email, weight, height, ideal_photo, mbti) values (1, 'Patton', 'Universidad Adventista de Colombia', 'Human Resources', 'MEN', '1990-10-25', 'pkiernan0@artisteer.com', 111, 171.1, 'http://dummyimage.com/113x100.png/ff4444/ffffff', 'ENFJ');
insert into user (id, username, school, major, gender, birth, email, weight, height, ideal_photo, mbti) values (2, 'Clementia', 'Technological University (West Yangon)', 'Sales', 'WOMEN', '1998-05-29', 'cnorcliffe1@moonfruit.com', 88, 191.5, 'http://dummyimage.com/218x100.png/dddddd/000000', 'ENFP');
insert into user (id, username, school, major, gender, birth, email, weight, height, ideal_photo, mbti) values (3, 'Wendi', 'University of Belize', 'Training', 'WOMEN', '2007-10-07', 'wbloxholm2@phoca.cz', 163, 183.2, 'http://dummyimage.com/138x100.png/5fa2dd/ffffff', 'ENTJ');
insert into user (id, username, school, major, gender, birth, email, weight, height, ideal_photo, mbti) values (4, 'Reidar', 'Universidade de Franca', 'Accounting', 'MEN', '1991-04-21', 'rlucy3@unicef.org', 160, 198.3, 'http://dummyimage.com/206x100.png/cc0000/ffffff', 'ENTP');
insert into user (id, username, school, major, gender, birth, email, weight, height, ideal_photo, mbti) values (5, 'Lucian', 'Maasai Mara University', 'Marketing', 'MEN', '2011-03-26', 'lspridgen4@51.la', 33, 182.0, 'http://dummyimage.com/124x100.png/dddddd/000000', 'ESFJ');
insert into user (id, username, school, major, gender, birth, email, weight, height, ideal_photo, mbti) values (6, 'Sibley', 'Al-Nasser University', 'Sales', 'WOMEN', '2005-12-29', 'smoxon5@surveymonkey.com', 109, 181.8, 'http://dummyimage.com/176x100.png/ff4444/ffffff', 'ESFP');
insert into user (id, username, school, major, gender, birth, email, weight, height, ideal_photo, mbti) values (7, 'Annamarie', 'University of Northern Washington', 'Services', 'WOMEN', '2013-08-18', 'alavers6@google.ca', 124, 173.1, 'http://dummyimage.com/157x100.png/cc0000/ffffff', 'ESTJ');
insert into user (id, username, school, major, gender, birth, email, weight, height, ideal_photo, mbti) values (8, 'Quintilla', 'Pennsylvania State University at Erie - Behrend College', 'Business Development', 'WOMEN', '1996-11-04', 'qeldrett7@google.com.br', 58, 150.2, 'http://dummyimage.com/136x100.png/ff4444/ffffff', 'ESTP');
insert into user (id, username, school, major, gender, birth, email, weight, height, ideal_photo, mbti) values (9, 'Normand', 'Université d''Alger 3', 'Marketing', 'MEN', '2018-10-19', 'nshimmans8@printfriendly.com', 61, 165.7, 'http://dummyimage.com/227x100.png/5fa2dd/ffffff', 'INFJ');
insert into user (id, username, school, major, gender, birth, email, weight, height, ideal_photo, mbti) values (10, 'Annissa', 'University of Great Falls', 'Marketing', 'MEN', '2023-03-18', 'anapton9@miibeian.gov.cn', 47, 187.2, 'http://dummyimage.com/170x100.png/cc0000/ffffff', 'INFP');
insert into user (id, username, school, major, gender, birth, email, weight, height, ideal_photo, mbti) values (11, 'Lek', 'Perm State Technical University', 'Support', 'MEN', '2010-10-06', 'lrickisa@mlb.com', 37, 176.3, 'http://dummyimage.com/169x100.png/5fa2dd/ffffff', 'INTJ');
insert into user (id, username, school, major, gender, birth, email, weight, height, ideal_photo, mbti) values (12, 'Gib', 'Ondokuz Mayis University Samsun', 'Support', 'MEN', '2011-10-31', 'gepiscopiob@unc.edu', 176, 165.7, 'http://dummyimage.com/250x100.png/dddddd/000000', 'INTP');
insert into user (id, username, school, major, gender, birth, email, weight, height, ideal_photo, mbti) values (13, 'Gwenore', 'University of Lucerne', 'Marketing', 'WOMEN', '2013-09-24', 'gcarhartc@jiathis.com', 172, 147.2, 'http://dummyimage.com/139x100.png/cc0000/ffffff', 'ISFJ');
insert into user (id, username, school, major, gender, birth, email, weight, height, ideal_photo, mbti) values (14, 'Rafferty', 'Arizona State University, Tempe Campus', 'Support', 'MEN', '1996-05-08', 'rglanisterd@gizmodo.com', 182, 156.6, 'http://dummyimage.com/164x100.png/dddddd/000000', 'ISFP');
insert into user (id, username, school, major, gender, birth, email, weight, height, ideal_photo, mbti) values (15, 'Gail', 'Bentley College', 'Marketing', 'MEN', '1990-06-05', 'gpollastrinoe@rambler.ru', 89, 197.2, 'http://dummyimage.com/228x100.png/dddddd/000000', 'ISTJ');
insert into user (id, username, school, major, gender, birth, email, weight, height, ideal_photo, mbti) values (16, 'Ramonda', 'New York College of Podiatric Medicine', 'Services', 'WOMEN', '1994-12-29', 'rvolckerf@hexun.com', 148, 165.8, 'http://dummyimage.com/113x100.png/cc0000/ffffff', 'ISTP');
insert into user (id, username, school, major, gender, birth, email, weight, height, ideal_photo, mbti) values (17, 'Tate', 'University of Teramo', 'Accounting', 'MEN', '2007-01-04', 'tgreenroadg@wix.com', 36, 154.1, 'http://dummyimage.com/172x100.png/cc0000/ffffff', 'ENFJ');
insert into user (id, username, school, major, gender, birth, email, weight, height, ideal_photo, mbti) values (18, 'Sigvard', 'CMJ University', 'Product Management', 'MEN', '2014-05-19', 'sisaach@twitter.com', 95, 148.5, 'http://dummyimage.com/229x100.png/5fa2dd/ffffff', 'ESFP');
insert into user (id, username, school, major, gender, birth, email, weight, height, ideal_photo, mbti) values (19, 'Gabie', 'Alsadrain University', 'Business Development', 'MEN', '2014-12-18', 'ggrayeri@forbes.com', 51, 147.2, 'http://dummyimage.com/246x100.png/ff4444/ffffff', 'INTP');
insert into user (id, username, school, major, gender, birth, email, weight, height, ideal_photo, mbti) values (20, 'Celisse', 'Aleksander Gieysztor School of Humanities in Pultusk', 'Product Management', 'WOMEN', '1999-08-19', 'cmckeej@netlog.com', 82, 193.3, 'http://dummyimage.com/120x100.png/cc0000/ffffff', 'INFP');

insert into `group` (id, group_name, gender, school, member_size_limit, is_matched, is_joinable, memo) values (1, '과팅팀1', 'MEN', '단국대학교', 4, false, true, '');
insert into `group` (id, group_name, gender, school, member_size_limit, is_matched, is_joinable, memo) values (2, '과팅팀2', 'WOMEN', '홍익대학교', 4, false, true, '');
insert into `group` (id, group_name, gender, school, member_size_limit, is_matched, is_joinable, memo) values (3, '과팅팀3', 'MEN', '동국대학교', 4, false, true, '');
insert into `group` (id, group_name, gender, school, member_size_limit, is_matched, is_joinable, memo) values (4, '과팅팀4', 'MEN', '서울대학교', 4, false, true, '');
insert into `group` (id, group_name, gender, school, member_size_limit, is_matched, is_joinable, memo) values (5, '과팅팀5', 'MEN', '연세대학교', 4, false, true, '');
insert into `group` (id, group_name, gender, school, member_size_limit, is_matched, is_joinable, memo) values (6, '과팅팀6', 'WOMEN', '건국대학교', 4, false, true, '');
insert into `group` (id, group_name, gender, school, member_size_limit, is_matched, is_joinable, memo) values (7, '과팅팀7', 'WOMEN', '세종대학교', 4, false, true, '');
insert into `group` (id, group_name, gender, school, member_size_limit, is_matched, is_joinable, memo) values (8, '과팅팀8', 'WOMEN', '홍익대학교', 4, false, true, '');
insert into `group` (id, group_name, gender, school, member_size_limit, is_matched, is_joinable, memo) values (9, '과팅팀9', 'MEN', '가천대학교', 4, false, true, '');
insert into `group` (id, group_name, gender, school, member_size_limit, is_matched, is_joinable, memo) values (10, '과팅팀10', 'WOMEN', '명지대학교', 4, false, true, '');
insert into `group` (id, group_name, gender, school, member_size_limit, is_matched, is_joinable, memo) values (11, '과팅팀11', 'WOMEN', '국민대학교', 4, false, true, '');
insert into `group` (id, group_name, gender, school, member_size_limit, is_matched, is_joinable, memo) values (12, '과팅팀12', 'MEN', '성균관대학교', 4, false, true, '');
insert into `group` (id, group_name, gender, school, member_size_limit, is_matched, is_joinable, memo) values (13, '과팅팀13', 'MEN', '충북대학교', 4, false, true, '');
insert into `group` (id, group_name, gender, school, member_size_limit, is_matched, is_joinable, memo) values (14, '과팅팀14', 'WOMEN', '경기대학교', 4, false, true, '');
insert into `group` (id, group_name, gender, school, member_size_limit, is_matched, is_joinable, memo) values (15, '과팅팀15', 'WOMEN', '아주대학교', 4, false, true, '');
insert into `group` (id, group_name, gender, school, member_size_limit, is_matched, is_joinable, memo) values (16, '과팅팀16', 'MEN', '숭실대학교', 4, false, true, '');
insert into `group` (id, group_name, gender, school, member_size_limit, is_matched, is_joinable, memo) values (17, '과팅팀17', 'WOMEN', '이화여자대학교', 4, false, true, '');
insert into `group` (id, group_name, gender, school, member_size_limit, is_matched, is_joinable, memo) values (18, '과팅팀18', 'MEN', '한양대학교', 4, false, true, '');
insert into `group` (id, group_name, gender, school, member_size_limit, is_matched, is_joinable, memo) values (19, '과팅팀19', 'MEN', '서울시립대학교', 4, false, true, '');
insert into `group` (id, group_name, gender, school, member_size_limit, is_matched, is_joinable, memo) values (20, '과팅팀20', 'WOMEN', '서울예술대학교', 4, false, true, '');

insert into group_date_request(id, from_id, to_id) values (1, 2, 1);
insert into group_date_request(id, from_id, to_id) values (2, 6, 1);
insert into group_date_request(id, from_id, to_id) values (3, 7, 1);
insert into group_date_request(id, from_id, to_id) values (4, 8, 1);
insert into group_date_request(id, from_id, to_id) values (5, 1, 16);
insert into group_date_request(id, from_id, to_id) values (6, 1, 19);

insert into group_member (group_id, member_id, status, role) values (1, 1, 'ACTIVE', 'LEADER');
insert into group_member (group_id, member_id, status, role) values (2, 2, 'ACTIVE', 'LEADER');
insert into group_member (group_id, member_id, status, role) values (3, 10, 'ACTIVE', 'LEADER');
insert into group_member (group_id, member_id, status, role) values (4, 18, 'ACTIVE', 'LEADER');
insert into group_member (group_id, member_id, status, role) values (5, 5, 'ACTIVE', 'LEADER');
insert into group_member (group_id, member_id, status, role) values (6, 6, 'ACTIVE', 'LEADER');
insert into group_member (group_id, member_id, status, role) values (7, 7, 'ACTIVE', 'LEADER');
insert into group_member (group_id, member_id, status, role) values (8, 8, 'ACTIVE', 'LEADER');

insert into group_member (group_id, member_id, status, role) values (1, 14, 'ACTIVE', 'MEMBER');
insert into group_member (group_id, member_id, status, role) values (1, 10, 'ACTIVE', 'MEMBER');
insert into group_member (group_id, member_id, status, role) values (3, 1, 'ACTIVE', 'MEMBER');
insert into group_member (group_id, member_id, status, role) values (5, 1, 'ACTIVE', 'MEMBER');

insert into group_member_request (group_id, user_id) values (1, 5);
insert into group_member_request (group_id, user_id) values (1, 4);
insert into group_member_request (group_id, user_id) values (2, 3);
insert into group_member_request (group_id, user_id) values (4, 1);

insert into blind_request(from_user_id, to_user_id, request_status) values(13, 9, 'PENDING');
insert into blind_request(from_user_id, to_user_id, request_status) values(16, 9, 'PENDING');