insert into user (id, username, school, major, gender, birth, social_email, email, weight, height, ideal_photo, mbti, created_at, updated_at) values (1, '이율', 'Universidad Adventista de Colombia', 'Human Resources', 'MEN', '1990-10-25', 'pkiernan0@kakao.com', 'pkiernan0@artisteer.com', 111, 171.1, 'http://jin7427004.iptime.org:60101/static/generatedImages/female/GFdfa021f7836f8684.png', 'ENFJ', now(), now());
insert into user (id, username, school, major, gender, birth, social_email, email, weight, height, ideal_photo, mbti, created_at, updated_at) values (2, '이은성', 'Technological University (West Yangon)', 'Sales', 'WOMEN', '1998-05-29', 'cnorcliffe1@kakao.com', 'cnorcliffe1@moonfruit.com', 88, 191.5, 'http://jin7427004.iptime.org:60101/static/generatedImages/male/GM92b44af05a295fcb.png', 'ENFP', now(), now());
insert into user (id, username, school, major, gender, birth, social_email, email, weight, height, ideal_photo, mbti, created_at, updated_at) values (3, '이태양', 'University of Belize', 'Training', 'WOMEN', '2000-10-07', 'wbloxholm2@kakao.com', 'wbloxholm2@phoca.cz', 163, 183.2, 'http://jin7427004.iptime.org:60101/static/generatedImages/male/GMcb156a106b9e9e9c.png', 'ENTJ', now(), now());
insert into user (id, username, school, major, gender, birth, social_email, email, weight, height, ideal_photo, mbti, created_at, updated_at) values (4, '이준희', 'Universidade de Franca', 'Accounting', 'MEN', '1991-04-21', 'rlucy3@kakao.com', 'rlucy3@unicef.org', 160, 198.3, 'http://jin7427004.iptime.org:60101/static/generatedImages/female/GFbba174e6c60a9a99.png', 'ENTP', now(), now());
insert into user (id, username, school, major, gender, birth, social_email, email, weight, height, ideal_photo, mbti, created_at, updated_at) values (5, '이건', 'Maasai Mara University', 'Marketing', 'MEN', '2000-03-26', 'lspridgen4@kakao.com', 'lspridgen4@51.la', 33, 182.0, 'http://jin7427004.iptime.org:60101/static/generatedImages/female/GFdfa075e2026f92c5.png', 'ESFJ', now(), now());
insert into user (id, username, school, major, gender, birth, social_email, email, weight, height, ideal_photo, mbti, created_at, updated_at) values (6, '하세아', 'Al-Nasser University', 'Sales', 'WOMEN', '2000-12-29', 'smoxon5@kakao.com', 'smoxon5@surveymonkey.com', 109, 181.8, 'http://jin7427004.iptime.org:60101/static/generatedImages/male/GMcaf121b1b61392cf.png', 'ESFP', now(), now());
insert into user (id, username, school, major, gender, birth, social_email, email, weight, height, ideal_photo, mbti, created_at, updated_at) values (7, '하세은', 'University of Northern Washington', 'Services', 'WOMEN', '1993-08-18', 'alavers6@kakao.com', 'alavers6@google.ca', 124, 173.1, 'http://jin7427004.iptime.org:60101/static/generatedImages/male/GMc7212b12f252fb5c.png', 'ESTJ', now(), now());
insert into user (id, username, school, major, gender, birth, social_email, email, weight, height, ideal_photo, mbti, created_at, updated_at) values (8, '하도연', 'Pennsylvania State University at Erie - Behrend College', 'Business Development', 'WOMEN', '1996-11-04', 'qeldrett7@kakao.com', 'qeldrett7@google.com.br', 58, 150.2, 'http://jin7427004.iptime.org:60101/static/generatedImages/male/GM8fc474d0f29b930d.png', 'ESTP', now(), now());
insert into user (id, username, school, major, gender, birth, social_email, email, weight, height, ideal_photo, mbti, created_at, updated_at) values (9, '하현수', 'Université d''Alger 3', 'Marketing', 'MEN', '1998-10-19', 'nshimmans8@kakao.com', 'nshimmans8@printfriendly.com', 61, 165.7, 'http://jin7427004.iptime.org:60101/static/generatedImages/female/GFcb357872672297c8.png', 'INFJ', now(), now());
insert into user (id, username, school, major, gender, birth, social_email, email, weight, height, ideal_photo, mbti, created_at, updated_at) values (10, '임주하', 'University of Great Falls', 'Marketing', 'MEN', '2000-03-18', 'anapton9@kakao.com', 'anapton9@miibeian.gov.cn', 47, 187.2, 'http://jin7427004.iptime.org:60101/static/generatedImages/female/GF9a692166a552afd9.png', 'INFP', now(), now());
insert into user (id, username, school, major, gender, birth, social_email, email, weight, height, ideal_photo, mbti, created_at, updated_at) values (11, '임승원', 'Perm State Technical University', 'Support', 'MEN', '2001-10-06', 'lrickisa@kakao.com', 'lrickisa@mlb.com', 37, 176.3, 'http://jin7427004.iptime.org:60101/static/generatedImages/female/GF9fa574c2d02ad783.png', 'INTJ', now(), now());
insert into user (id, username, school, major, gender, birth, social_email, email, weight, height, ideal_photo, mbti, created_at, updated_at) values (12, '임우주', 'Ondokuz Mayis University Samsun', 'Support', 'MEN', '1994-10-31', 'gepiscopiob@kakao.com', 'gepiscopiob@unc.edu', 176, 165.7, 'http://jin7427004.iptime.org:60101/static/generatedImages/female/GFdee123a787588c8d.png', 'INTP', now(), now());
insert into user (id, username, school, major, gender, birth, social_email, email, weight, height, ideal_photo, mbti, created_at, updated_at) values (13, '임민채', 'University of Lucerne', 'Marketing', 'WOMEN', '2003-09-24', 'gcarhartc@kakao.com', 'gcarhartc@jiathis.com', 172, 147.2, 'http://jin7427004.iptime.org:60101/static/generatedImages/male/GMca847c14637d3adc.png', 'ISFJ', now(), now());
insert into user (id, username, school, major, gender, birth, social_email, email, weight, height, ideal_photo, mbti, created_at, updated_at) values (14, '임하민', 'Arizona State University, Tempe Campus', 'Support', 'MEN', '1996-05-08', 'rglanisterd@kakao.com', 'rglanisterd@gizmodo.com', 182, 156.6, 'http://jin7427004.iptime.org:60101/static/generatedImages/female/GF9a6521b6673896d9.png', 'ISFP', now(), now());
insert into user (id, username, school, major, gender, birth, social_email, email, weight, height, ideal_photo, mbti, created_at, updated_at) values (15, '윤지완', 'Bentley College', 'Marketing', 'MEN', '1990-06-05', 'gpollastrinoe@kakao.com', 'gpollastrinoe@rambler.ru', 89, 197.2, 'http://jin7427004.iptime.org:60101/static/generatedImages/female/GFbf2174a2d628d3c9.png', 'ISTJ', now(), now());
insert into user (id, username, school, major, gender, birth, social_email, email, weight, height, ideal_photo, mbti, created_at, updated_at) values (16, '윤예림', 'New York College of Podiatric Medicine', 'Services', 'WOMEN', '1994-12-29', 'rvolckerf@kakao.com', 'rvolckerf@hexun.com', 148, 165.8, 'http://jin7427004.iptime.org:60101/static/generatedImages/male/GMcb7d0d30f133b688.png', 'ISTP', now(), now());
insert into user (id, username, school, major, gender, birth, social_email, email, weight, height, ideal_photo, mbti, created_at, updated_at) values (17, '윤태현', 'University of Teramo', 'Accounting', 'MEN', '2000-01-04', 'tgreenroadg@kakao.com', 'tgreenroadg@wix.com', 36, 154.1, 'http://jin7427004.iptime.org:60101/static/generatedImages/female/GFeb3530b2c32dc69c.png', 'ENFJ', now(), now());
insert into user (id, username, school, major, gender, birth, social_email, email, weight, height, ideal_photo, mbti, created_at, updated_at) values (18, '윤민호', 'CMJ University', 'Product Management', 'MEN', '2004-05-19', 'sisaach@kakao.com', 'sisaach@twitter.com', 95, 148.5, 'http://jin7427004.iptime.org:60101/static/generatedImages/female/GF9fa574c2d02ad783.png', 'ESFP', now(), now());
insert into user (id, username, school, major, gender, birth, social_email, email, weight, height, ideal_photo, mbti, created_at, updated_at) values (19, '민혁', 'Alsadrain University', 'Business Development', 'MEN', '2000-12-18', 'ggrayeri@kakao.com', 'ggrayeri@forbes.com', 51, 147.2, 'http://jin7427004.iptime.org:60101/static/generatedImages/female/GF8bf560f26127d782.png', 'INTP', now(), now());
insert into user (id, username, school, major, gender, birth, social_email, email, weight, height, ideal_photo, mbti, created_at, updated_at) values (20, '지수', 'Aleksander Gieysztor School of Humanities in Pultusk', 'Product Management', 'WOMEN', '1999-08-19', 'cmckeej@kakao.com' ,'cmckeej@netlog.com', 82, 193.3, 'http://jin7427004.iptime.org:60101/static/generatedImages/male/GM9a617d27e40e96d8.png', 'INFP', now(), now());
insert into user (id, username, school, major, gender, birth, social_email, email, weight, height, ideal_photo, mbti, created_at, updated_at) values (21, '김민준', 'Perm State Technical University', 'Support', 'MEN', '2000-10-06', 'rlaalswns@kakao.com' ,'rlaalswns@mlb.com', 37, 176.3, 'http://jin7427004.iptime.org:60101/static/generatedImages/female/GF9ae561b7a572c285.png', 'INTJ', now(), now());
insert into user (id, username, school, major, gender, birth, social_email, email, weight, height, ideal_photo, mbti, created_at, updated_at) values (22, '김서준', 'Ondokuz Mayis University Samsun', 'Support', 'MEN', '2001-10-31', 'rlatjwns@kakao.com', 'rlatjwns@unc.edu', 176, 165.7, 'http://jin7427004.iptime.org:60101/static/generatedImages/female/GFdee921a7a606878d.png', 'INTP', now(), now());
insert into user (id, username, school, major, gender, birth, social_email, email, weight, height, ideal_photo, mbti, created_at, updated_at) values (23, '김도윤', 'University of Lucerne', 'Marketing', 'MEN', '2003-09-24', 'rlaehdbs@kakao.com', 'rlaehdbs@jiathis.com', 172, 147.2, 'http://jin7427004.iptime.org:60101/static/generatedImages/female/GFf06b63a6a74c478c.png', 'ISFJ', now(), now());
insert into user (id, username, school, major, gender, birth, social_email, email, weight, height, ideal_photo, mbti, created_at, updated_at) values (24, '김예준', 'Arizona State University, Tempe Campus', 'Support', 'MEN', '1996-05-08', 'rladPwbs@kakao.com', 'rladPwbs@gizmodo.com', 182, 156.6, 'http://jin7427004.iptime.org:60101/static/generatedImages/female/GFcb357872672297c8.png', 'ISFP', now(), now());
insert into user (id, username, school, major, gender, birth, social_email, email, weight, height, ideal_photo, mbti, created_at, updated_at) values (25, '김시우', 'Bentley College', 'Marketing', 'WOMEN', '1990-06-05', 'rlattldn@kakao.com', 'rlattldn@rambler.ru', 89, 197.2, 'http://jin7427004.iptime.org:60101/static/generatedImages/male/GM8a146970777983cf.png', 'ISTJ', now(), now());
insert into user (id, username, school, major, gender, birth, social_email, email, weight, height, ideal_photo, mbti, created_at, updated_at) values (26, '김서연', 'New York College of Podiatric Medicine', 'Services', 'WOMEN', '1994-12-29', 'rlatjdus@kakao.com', 'rlatjdus@hexun.com', 148, 165.8, 'http://jin7427004.iptime.org:60101/static/generatedImages/male/GM8fc474d0f29b930d.png', 'ISTP', now(), now());
insert into user (id, username, school, major, gender, birth, social_email, email, weight, height, ideal_photo, mbti, created_at, updated_at) values (27, '김하은', 'University of Teramo', 'Accounting', 'WOMEN', '2000-01-04', 'rlagkdms@kakao.com', 'rlagkdms@wix.com', 36, 154.1, 'http://jin7427004.iptime.org:60101/static/generatedImages/male/GM8bd47997780d26cc.png', 'ENFJ', now(), now());
insert into user (id, username, school, major, gender, birth, social_email, email, weight, height, ideal_photo, mbti, created_at, updated_at) values (28, '김지유', 'CMJ University', 'Accounting', 'WOMEN', '2004-05-19', 'rlawldb@kakao.com', 'rlawldb@twitter.com', 95, 148.5, 'http://jin7427004.iptime.org:60101/static/generatedImages/male/GM82d42951fe1cbe9c.png', 'ESFP', now(), now());
insert into user (id, username, school, major, gender, birth, social_email, email, weight, height, ideal_photo, mbti, created_at, updated_at) values (29, '김윤서', 'Alsadrain University', 'Business Development', 'WOMEN', '2004-12-18', 'rladbstj@kakao.com', 'rladbstj@forbes.com', 51, 147.2, 'http://jin7427004.iptime.org:60101/static/generatedImages/male/GM8f7c2d72a15f828c.png', 'INTP', now(), now());
insert into user (id, username, school, major, gender, birth, social_email, email, weight, height, ideal_photo, mbti, created_at, updated_at) values (30, '김수아', 'Aleksander Gieysztor School of Humanities in Pultusk', 'Product Management', 'WOMEN', '1999-08-19','rlatndk@kakao.com', 'rlatndk@netlog.com', 82, 193.3, 'http://jin7427004.iptime.org:60101/static/generatedImages/male/GMcffd28317038729a.png', 'INFP', now(), now());
insert into user (id, username, school, major, gender, birth, social_email, email, weight, height, ideal_photo, mbti, created_at, updated_at) values (31, '김유찬', 'Aleksander Gieysztor School of Humanities in Pultusk', 'Product Management', 'MEN', '1999-08-19', 'rladbcks@kakao.com', 'rladbcks@netlog.com', 82, 193.3, 'http://jin7427004.iptime.org:60101/static/generatedImages/female/GFc93c64f37219c2d9.png', 'INFP', now(), now());

insert into `group` (id, group_name, gender, school, member_size_limit, is_matched, is_joinable, memo, ideal_photo, created_at, updated_at) values (1, '과팅팀1', 'MEN', '단국대학교', 4, false, true, '', 'http://jin7427004.iptime.org:60101/static/generatedImages/female/GFdfa021f7836f8684.png', now(), now());
insert into `group` (id, group_name, gender, school, member_size_limit, is_matched, is_joinable, memo, ideal_photo, created_at, updated_at) values (2, '과팅팀2', 'WOMEN', '홍익대학교', 4, false, true, '', 'http://jin7427004.iptime.org:60101/static/generatedImages/male/GM92b44af05a295fcb.png', now(), now());
insert into `group` (id, group_name, gender, school, member_size_limit, is_matched, is_joinable, memo, ideal_photo, created_at, updated_at) values (3, '과팅팀3', 'MEN', '동국대학교', 4, false, true, '', 'http://jin7427004.iptime.org:60101/static/generatedImages/female/GF9a692166a552afd9.png', now(), now());
insert into `group` (id, group_name, gender, school, member_size_limit, is_matched, is_joinable, memo, ideal_photo, created_at, updated_at) values (4, '과팅팀4', 'MEN', '서울대학교', 4, false, true, '', 'http://jin7427004.iptime.org:60101/static/generatedImages/female/GF9fa574c2d02ad783.png', now(), now());
insert into `group` (id, group_name, gender, school, member_size_limit, is_matched, is_joinable, memo, ideal_photo, created_at, updated_at) values (5, '과팅팀5', 'MEN', '연세대학교', 4, false, true, '', 'http://jin7427004.iptime.org:60101/static/generatedImages/female/GFdfa075e2026f92c5.png', now(), now());
insert into `group` (id, group_name, gender, school, member_size_limit, is_matched, is_joinable, memo, ideal_photo, created_at, updated_at) values (6, '과팅팀6', 'WOMEN', '건국대학교', 4, false, true, '', 'http://jin7427004.iptime.org:60101/static/generatedImages/male/GMcaf121b1b61392cf.png', now(), now());
insert into `group` (id, group_name, gender, school, member_size_limit, is_matched, is_joinable, memo, ideal_photo, created_at, updated_at) values (7, '과팅팀7', 'WOMEN', '세종대학교', 4, false, true, '', 'http://jin7427004.iptime.org:60101/static/generatedImages/male/GMc7212b12f252fb5c.png', now(), now());
insert into `group` (id, group_name, gender, school, member_size_limit, is_matched, is_joinable, memo, ideal_photo, created_at, updated_at) values (8, '과팅팀8', 'WOMEN', '홍익대학교', 4, false, true, '', 'http://jin7427004.iptime.org:60101/static/generatedImages/male/GM8fc474d0f29b930d.png', now(), now());
insert into `group` (id, group_name, gender, school, member_size_limit, is_matched, is_joinable, memo, ideal_photo, created_at, updated_at) values (9, '과팅팀9', 'MEN', '가천대학교', 4, false, true, '', 'http://jin7427004.iptime.org:60101/static/generatedImages/female/GF9ae561b7a572c285.png', now(), now());
insert into `group` (id, group_name, gender, school, member_size_limit, is_matched, is_joinable, memo, ideal_photo, created_at, updated_at) values (10, '과팅팀10', 'WOMEN', '명지대학교', 4, false, false, '', 'http://jin7427004.iptime.org:60101/static/generatedImages/male/GMca847c14637d3adc.png', now(), now());
insert into `group` (id, group_name, gender, school, member_size_limit, is_matched, is_joinable, memo, ideal_photo, created_at, updated_at) values (11, '과팅팀11', 'WOMEN', '국민대학교', 4, false, true, '', 'http://jin7427004.iptime.org:60101/static/generatedImages/male/GM9a617d27e40e96d8.png', now(), now());
insert into `group` (id, group_name, gender, school, member_size_limit, is_matched, is_joinable, memo, ideal_photo, created_at, updated_at) values (12, '과팅팀12', 'MEN', '성균관대학교', 4, false, true, '', 'http://jin7427004.iptime.org:60101/static/generatedImages/female/GFdee921a7a606878d.png', now(), now());
insert into `group` (id, group_name, gender, school, member_size_limit, is_matched, is_joinable, memo, ideal_photo, created_at, updated_at) values (13, '과팅팀13', 'MEN', '충북대학교', 4, false, true, '', 'http://jin7427004.iptime.org:60101/static/generatedImages/female/GFf06b63a6a74c478c.png', now(), now());
insert into `group` (id, group_name, gender, school, member_size_limit, is_matched, is_joinable, memo, ideal_photo, created_at, updated_at) values (14, '과팅팀14', 'WOMEN', '경기대학교', 4, false, true, '', 'http://jin7427004.iptime.org:60101/static/generatedImages/male/GM8fc474d0f29b930d.png', now(), now());
insert into `group` (id, group_name, gender, school, member_size_limit, is_matched, is_joinable, memo, ideal_photo, created_at, updated_at) values (15, '과팅팀15', 'WOMEN', '아주대학교', 4, false, true, '', 'http://jin7427004.iptime.org:60101/static/generatedImages/male/GM8bd47997780d26cc.png', now(), now());
insert into `group` (id, group_name, gender, school, member_size_limit, is_matched, is_joinable, memo, ideal_photo, created_at, updated_at) values (16, '과팅팀16', 'MEN', '숭실대학교', 4, false, true, '', 'http://jin7427004.iptime.org:60101/static/generatedImages/female/GFbf2174a2d628d3c9.png', now(), now());
insert into `group` (id, group_name, gender, school, member_size_limit, is_matched, is_joinable, memo, ideal_photo, created_at, updated_at) values (17, '과팅팀17', 'WOMEN', '이화여자대학교', 4, false, true, '', 'http://jin7427004.iptime.org:60101/static/generatedImages/male/GM82d42951fe1cbe9c.png', now(), now());
insert into `group` (id, group_name, gender, school, member_size_limit, is_matched, is_joinable, memo, ideal_photo, created_at, updated_at) values (18, '과팅팀18', 'MEN', '한양대학교', 4, false, false, '', 'http://jin7427004.iptime.org:60101/static/generatedImages/female/GFcb357872672297c8.png', now(), now());
insert into `group` (id, group_name, gender, school, member_size_limit, is_matched, is_joinable, memo, ideal_photo, created_at, updated_at) values (19, '과팅팀19', 'MEN', '서울시립대학교', 4, false, true, '', 'http://jin7427004.iptime.org:60101/static/generatedImages/male/GMcffd28317038729a.png', now(), now());
insert into `group` (id, group_name, gender, school, member_size_limit, is_matched, is_joinable, memo, ideal_photo, created_at, updated_at) values (20, '과팅팀20', 'WOMEN', '서울예술대학교', 4, false, true, '', 'http://dummyimage.com/228x100.png/dddddd/000000', now(), now());

insert into group_like_to_join(id, from_user_id, to_group_id, created_at, updated_at) values (1, 1, 16, now(), now());
insert into group_like_to_join(id, from_user_id, to_group_id, created_at, updated_at) values (2, 1, 18, now(), now());

insert into group_date_request(id, from_id, to_id, created_at, updated_at) values (1, 2, 1, now(), now());
insert into group_date_request(id, from_id, to_id, created_at, updated_at) values (2, 6, 1, now(), now());
insert into group_date_request(id, from_id, to_id, created_at, updated_at) values (3, 7, 1, now(), now());
insert into group_date_request(id, from_id, to_id, created_at, updated_at) values (4, 8, 1, now(), now());
insert into group_date_request(id, from_id, to_id, created_at, updated_at) values (5, 1, 17, now(), now());
insert into group_date_request(id, from_id, to_id, created_at, updated_at) values (6, 1, 19, now(), now());

insert into group_member (id, group_id, member_id, role, created_at, updated_at) values (1, 1, 1, 'LEADER', now(), now());
insert into group_member (id, group_id, member_id, role, created_at, updated_at) values (2, 2, 2, 'LEADER', now(), now());
insert into group_member (id, group_id, member_id, role, created_at, updated_at) values (3, 3, 10, 'LEADER', now(), now());
insert into group_member (id, group_id, member_id, role, created_at, updated_at) values (4, 4, 18, 'LEADER', now(), now());
insert into group_member (id, group_id, member_id, role, created_at, updated_at) values (5, 5, 5, 'LEADER', now(), now());
insert into group_member (id, group_id, member_id, role, created_at, updated_at) values (6, 6, 6, 'LEADER', now(), now());
insert into group_member (id, group_id, member_id, role, created_at, updated_at) values (7, 7, 7, 'LEADER', now(), now());
insert into group_member (id, group_id, member_id, role, created_at, updated_at) values (8, 8, 8, 'LEADER', now(), now());
insert into group_member (id, group_id, member_id, role, created_at, updated_at) values (9, 9, 21, 'LEADER', now(), now());
insert into group_member (id, group_id, member_id, role, created_at, updated_at) values (10, 10, 13, 'LEADER', now(), now());
insert into group_member (id, group_id, member_id, role, created_at, updated_at) values (11, 11, 20, 'LEADER', now(), now());
insert into group_member (id, group_id, member_id, role, created_at, updated_at) values (12, 12, 22, 'LEADER', now(), now());
insert into group_member (id, group_id, member_id, role, created_at, updated_at) values (13, 13, 23, 'LEADER', now(), now());
insert into group_member (id, group_id, member_id, role, created_at, updated_at) values (14, 14, 26, 'LEADER', now(), now());
insert into group_member (id, group_id, member_id, role, created_at, updated_at) values (15, 15, 27, 'LEADER', now(), now());
insert into group_member (id, group_id, member_id, role, created_at, updated_at) values (16, 16, 15, 'LEADER', now(), now());
insert into group_member (id, group_id, member_id, role, created_at, updated_at) values (17, 17, 28, 'LEADER', now(), now());
insert into group_member (id, group_id, member_id, role, created_at, updated_at) values (18, 18, 24, 'LEADER', now(), now());
insert into group_member (id, group_id, member_id, role, created_at, updated_at) values (19, 19, 31, 'LEADER', now(), now());
insert into group_member (id, group_id, member_id, role, created_at, updated_at) values (20, 20, 30, 'LEADER', now(), now());

insert into group_member (id, group_id, member_id, role, created_at, updated_at) values (21, 1, 14, 'MEMBER', now(), now());
insert into group_member (id, group_id, member_id, role, created_at, updated_at) values (22, 1, 10, 'MEMBER', now(), now());
insert into group_member (id, group_id, member_id, role, created_at, updated_at) values (23, 3, 1, 'MEMBER', now(), now());
insert into group_member (id, group_id, member_id, role, created_at, updated_at) values (24, 5, 1, 'MEMBER', now(), now());
insert into group_member (id, group_id, member_id, role, created_at, updated_at) values (25, 4, 21, 'MEMBER', now(), now());
insert into group_member (id, group_id, member_id, role, created_at, updated_at) values (26, 17, 29, 'MEMBER', now(), now());
insert into group_member (id, group_id, member_id, role, created_at, updated_at) values (27, 10, 29, 'MEMBER', now(), now());
insert into group_member (id, group_id, member_id, role, created_at, updated_at) values (28, 10, 28, 'MEMBER', now(), now());
insert into group_member (id, group_id, member_id, role, created_at, updated_at) values (29, 10, 27, 'MEMBER', now(), now());
insert into group_member (id, group_id, member_id, role, created_at, updated_at) values (30, 18, 21, 'MEMBER', now(), now());
insert into group_member (id, group_id, member_id, role, created_at, updated_at) values (31, 18, 22, 'MEMBER', now(), now());
insert into group_member (id, group_id, member_id, role, created_at, updated_at) values (32, 18, 23, 'MEMBER', now(), now());

insert into group_member_request (id, group_id, user_id, created_at, updated_at) values (1, 1, 5, now(), now());
insert into group_member_request (id, group_id, user_id, created_at, updated_at) values (2, 1, 4, now(), now());
insert into group_member_request (id, group_id, user_id, created_at, updated_at) values (3, 2, 3, now(), now());
insert into group_member_request (id, group_id, user_id, created_at, updated_at) values (4, 4, 1, now(), now());
insert into group_member_request (id, group_id, user_id, created_at, updated_at) values (5, 19, 1, now(), now());

insert into group_like_to_date(id, from_group_member_id, to_group_id, created_at, updated_at) values (1, 1, 10, now(), now());
insert into group_like_to_date(id, from_group_member_id, to_group_id, created_at, updated_at) values (2, 8, 1, now(), now());
insert into group_like_to_date(id, from_group_member_id, to_group_id, created_at, updated_at) values (3, 1, 8, now(), now());

insert into blind_request(id, from_user_id, to_user_id, request_status, created_at, updated_at) values(1, 13, 9, 'PENDING', now(), now());
insert into blind_request(id, from_user_id, to_user_id, request_status, created_at, updated_at) values(2, 16, 9, 'PENDING', now(), now());