insert into user (id, username, school, major, gender, birth, social_email, email, weight, height, ideal_photo, mbti, created_at, updated_at) values (1, '바야돌리드', '중부대', '간호학과', 'MEN', '1990-10-25', 'pkiernan0@kakao.com', 'pkiernan0@artisteer.com', 70, 171.1, 'https://jin749.site:60101/static/pickedImages/female/PFdee060a7257ac785.png', 'ENFJ', now(), now());
insert into user (id, username, school, major, gender, birth, social_email, email, weight, height, ideal_photo, mbti, created_at, updated_at) values (2, '엔엔더블유', '평택대', '간호학과', 'WOMEN', '1998-05-29', 'cnorcliffe1@kakao.com', 'cnorcliffe1@moonfruit.com', 45, 161.5, 'https://jin749.site:60101/static/pickedImages/male/PMb86825e197e10fd5.png', 'ENFP', now(), now());
insert into user (id, username, school, major, gender, birth, social_email, email, weight, height, ideal_photo, mbti, created_at, updated_at) values (3, '사보이아가', '숭실대', '경영학과', 'WOMEN', '2000-10-07', 'wbloxholm2@kakao.com', 'wbloxholm2@phoca.cz', 55, 173.2, 'https://jin749.site:60101/static/pickedImages/male/PM9e6563978b4c638c.png', 'ENTJ', now(), now());
insert into user (id, username, school, major, gender, birth, social_email, email, weight, height, ideal_photo, mbti, created_at, updated_at) values (4, '너구리거미', '경북대', '소프트웨어학과', 'MEN', '1991-04-21', 'rlucy3@kakao.com', 'rlucy3@unicef.org', 90, 188.3, 'https://jin749.site:60101/static/pickedImages/female/PFdee920a7275e858c.png', 'ENTP', now(), now());
insert into user (id, username, school, major, gender, birth, social_email, email, weight, height, ideal_photo, mbti, created_at, updated_at) values (5, '포텐샬마당', '한국외대', '소프트웨어학과', 'MEN', '2000-03-26', 'lspridgen4@kakao.com', 'lspridgen4@51.la', 80, 182.0, 'https://jin749.site:60101/static/pickedImages/female/PF9a65619787788796.png', 'ESFJ', now(), now());
insert into user (id, username, school, major, gender, birth, social_email, email, weight, height, ideal_photo, mbti, created_at, updated_at) values (6, '양면테이프', '신경대', '관광경영학과', 'WOMEN', '2000-12-29', 'smoxon5@kakao.com', 'smoxon5@surveymonkey.com', 60, 161.8, 'https://jin749.site:60101/static/pickedImages/male/PM9e6471d297c84fc4.png', 'ESFP', now(), now());
insert into user (id, username, school, major, gender, birth, social_email, email, weight, height, ideal_photo, mbti, created_at, updated_at) values (7, '야지랑숟갈', '한성대', '관광경영학과', 'WOMEN', '1993-08-18', 'alavers6@kakao.com', 'alavers6@google.ca', 64, 173.1, 'https://jin749.site:60101/static/pickedImages/male/PMb86c71939161ce97.png', 'ESTJ', now(), now());
insert into user (id, username, school, major, gender, birth, social_email, email, weight, height, ideal_photo, mbti, created_at, updated_at) values (8, '우문좌무', '단국대', '모바일시스템공학과', 'WOMEN', '1996-11-04', 'qeldrett7@kakao.com', 'qeldrett7@google.com.br', 58, 150.2, 'https://jin749.site:60101/static/pickedImages/male/PM9a69618797487ba5.png', 'ESTP', now(), now());
insert into user (id, username, school, major, gender, birth, social_email, email, weight, height, ideal_photo, mbti, created_at, updated_at) values (9, '레스피기', '성균관대', '국어국문학과', 'MEN', '1998-10-19', 'nshimmans8@kakao.com', 'nshimmans8@printfriendly.com', 64, 169.7, 'https://jin749.site:60101/static/pickedImages/female/PF8fb574f2327592c0.png', 'INFJ', now(), now());
insert into user (id, username, school, major, gender, birth, social_email, email, weight, height, ideal_photo, mbti, created_at, updated_at) values (10, '환입환입', '경희대', '기계공학과', 'MEN', '2000-03-18', 'anapton9@kakao.com', 'anapton9@miibeian.gov.cn', 47, 167.2, 'https://jin749.site:60101/static/pickedImages/female/PF8fb434f2f21b82d8.png', 'INFP', now(), now());
insert into user (id, username, school, major, gender, birth, social_email, email, weight, height, ideal_photo, mbti, created_at, updated_at) values (11, '올리갱도', '동국대', '기계공학과', 'MEN', '2001-10-06', 'lrickisa@kakao.com', 'lrickisa@mlb.com', 77, 176.3, 'https://jin749.site:60101/static/pickedImages/female/PFcf307433233dd788.png', 'INTJ', now(), now());
insert into user (id, username, school, major, gender, birth, social_email, email, weight, height, ideal_photo, mbti, created_at, updated_at) values (12, '도깨비방망이', '서강대', '법학과', 'MEN', '1994-10-31', 'gepiscopiob@kakao.com', 'gepiscopiob@unc.edu', 76, 165.7, 'https://jin749.site:60101/static/pickedImages/female/PFcf3064d3c43c97c9.png', 'INTP', now(), now());
insert into user (id, username, school, major, gender, birth, social_email, email, weight, height, ideal_photo, mbti, created_at, updated_at) values (13, '만주자작나무', '연세대', '법학과', 'WOMEN', '2003-09-24', 'gcarhartc@kakao.com', 'gcarhartc@jiathis.com', 72, 177.2, 'https://jin749.site:60101/static/pickedImages/male/PMe86871b1b3a1c5cd.png', 'ISFJ', now(), now());
insert into user (id, username, school, major, gender, birth, social_email, email, weight, height, ideal_photo, mbti, created_at, updated_at) values (14, '차일시피일시', '서울대', '법학과', 'MEN', '1996-05-08', 'rglanisterd@kakao.com', 'rglanisterd@gizmodo.com', 82, 176.6, 'https://jin749.site:60101/static/pickedImages/female/PFafb434f2c23d92c8.png', 'ISFP', now(), now());
insert into user (id, username, school, major, gender, birth, social_email, email, weight, height, ideal_photo, mbti, created_at, updated_at) values (15, '펫맴로작', '아주대', '사회복지학과', 'MEN', '1990-06-05', 'gpollastrinoe@kakao.com', 'gpollastrinoe@rambler.ru', 89, 197.2, 'https://jin749.site:60101/static/pickedImages/female/PFdea021f7836fc684.png', 'ISTJ', now(), now());
insert into user (id, username, school, major, gender, birth, social_email, email, weight, height, ideal_photo, mbti, created_at, updated_at) values (16, '와타쓰미', '단국대', '사회복지학과', 'WOMEN', '1994-12-29', 'rvolckerf@kakao.com', 'rvolckerf@hexun.com', 48, 165.8, 'https://jin749.site:60101/static/pickedImages/male/PM9e6c21b393f846cc.png', 'ISTP', now(), now());
insert into user (id, username, school, major, gender, birth, social_email, email, weight, height, ideal_photo, mbti, created_at, updated_at) values (17, '윤태현17', '인하대', '사회복지학과', 'MEN', '2000-01-04', 'tgreenroadg@kakao.com', 'tgreenroadg@wix.com', 76, 174.1, 'https://jin749.site:60101/static/pickedImages/female/PFdc6923a7275c858d.png', 'ENFJ', now(), now());
insert into user (id, username, school, major, gender, birth, social_email, email, weight, height, ideal_photo, mbti, created_at, updated_at) values (18, '윤민호18', '명지대', '건축학과', 'MEN', '2004-05-19', 'sisaach@kakao.com', 'sisaach@twitter.com', 95, 188.5, 'https://jin749.site:60101/static/pickedImages/female/PFcfa025e3817f86d4.png', 'ESFP', now(), now());
insert into user (id, username, school, major, gender, birth, social_email, email, weight, height, ideal_photo, mbti, created_at, updated_at) values (19, '민혁19', '호서대', '건축학과', 'MEN', '2000-12-18', 'ggrayeri@kakao.com', 'ggrayeri@forbes.com', 71, 174.2, 'https://jin749.site:60101/static/pickedImages/female/PF8af520e7a766869c.png', 'INTP', now(), now());
insert into user (id, username, school, major, gender, birth, social_email, email, weight, height, ideal_photo, mbti, created_at, updated_at) values (20, '지수20', '이화여대', '유아교육학과', 'WOMEN', '1999-08-19', 'cmckeej@kakao.com' ,'cmckeej@netlog.com', 52, 163.3, 'https://jin749.site:60101/static/pickedImages/male/PMaf3d34f0d0d06ed0.png', 'INFP', now(), now());
insert into user (id, username, school, major, gender, birth, social_email, email, weight, height, ideal_photo, mbti, created_at, updated_at) values (21, '이우베티우스', '삼육대', '무역학과', 'MEN', '2000-10-06', 'rlaalswns@kakao.com' ,'rlaalswns@mlb.com', 73, 176.3, 'https://jin749.site:60101/static/pickedImages/female/PFdee920b7076f8584.png', 'INTJ', now(), now());
insert into user (id, username, school, major, gender, birth, social_email, email, weight, height, ideal_photo, mbti, created_at, updated_at) values (22, '아라페이데스', '광운대', '무역학과', 'MEN', '2001-10-31', 'rlatjwns@kakao.com', 'rlatjwns@unc.edu', 76, 165.7, 'https://jin749.site:60101/static/pickedImages/female/PFea68a5a786949e9c.png', 'INTP', now(), now());
insert into user (id, username, school, major, gender, birth, social_email, email, weight, height, ideal_photo, mbti, created_at, updated_at) values (23, '웬세슬라우스', '대진대', '컴퓨터공학과', 'MEN', '2003-09-24', 'rlaehdbs@kakao.com', 'rlaehdbs@jiathis.com', 72, 174.2, 'https://jin749.site:60101/static/pickedImages/female/PF8f7075d2c738c691.png', 'ISFJ', now(), now());
insert into user (id, username, school, major, gender, birth, social_email, email, weight, height, ideal_photo, mbti, created_at, updated_at) values (24, '김예준준', '한양대', '컴퓨터공학과', 'MEN', '1996-05-08', 'rladPwbs@kakao.com', 'rladPwbs@gizmodo.com', 82, 168.6, 'https://jin749.site:60101/static/pickedImages/female/PFfae161b78729c684.png', 'ISFP', now(), now());
insert into user (id, username, school, major, gender, birth, social_email, email, weight, height, ideal_photo, mbti, created_at, updated_at) values (25, '우김시우', '건국대', '컴퓨터공학과', 'WOMEN', '1990-06-05', 'rlattldn@kakao.com', 'rlattldn@rambler.ru', 59, 170.2, 'https://jin749.site:60101/static/pickedImages/male/PMbd6d30f0b3f006cc.png', 'ISTJ', now(), now());
insert into user (id, username, school, major, gender, birth, social_email, email, weight, height, ideal_photo, mbti, created_at, updated_at) values (26, '김서연느', '성신여대', '컴퓨터공학과', 'WOMEN', '1994-12-29', 'rlatjdus@kakao.com', 'rlatjdus@hexun.com', 48, 152.8, 'https://jin749.site:60101/static/pickedImages/male/PMb8686195856d6797.png', 'ISTP', now(), now());
insert into user (id, username, school, major, gender, birth, social_email, email, weight, height, ideal_photo, mbti, created_at, updated_at) values (27, '김하은0104', '동국대', '응용통계학과', 'WOMEN', '2000-01-04', 'rlagkdms@kakao.com', 'rlagkdms@wix.com', 63, 164.1, 'https://jin749.site:60101/static/pickedImages/male/PM9a6c6926256cda9b.png', 'ENFJ', now(), now());
insert into user (id, username, school, major, gender, birth, social_email, email, weight, height, ideal_photo, mbti, created_at, updated_at) values (28, '김지유0519', '서울시립대', '응용통계학과', 'WOMEN', '2004-05-19', 'rlawldb@kakao.com', 'rlawldb@twitter.com', 59, 158.5, 'https://jin749.site:60101/static/pickedImages/male/PMac2c71b393e16ccc.png', 'ESFP', now(), now());
insert into user (id, username, school, major, gender, birth, social_email, email, weight, height, ideal_photo, mbti, created_at, updated_at) values (29, '김윤서서울', '세종대', '기계공학과', 'WOMEN', '2004-12-18', 'rladbstj@kakao.com', 'rladbstj@forbes.com', 51, 157.2, 'https://jin749.site:60101/static/pickedImages/male/PMec6c719393656c86.png', 'INTP', now(), now());
insert into user (id, username, school, major, gender, birth, social_email, email, weight, height, ideal_photo, mbti, created_at, updated_at) values (30, '김수아경기', '충남대', '통계학과', 'WOMEN', '1999-08-19','rlatndk@kakao.com', 'rlatndk@netlog.com', 82, 173.3, 'https://jin749.site:60101/static/pickedImages/male/PMf86861a3b3616d8d.png', 'INFP', now(), now());
insert into user (id, username, school, major, gender, birth, social_email, email, weight, height, ideal_photo, mbti, created_at, updated_at) values (31, '김유찬강릉', '카이스트', '화학과', 'MEN', '1999-08-19', 'rladbcks@kakao.com', 'rladbcks@netlog.com', 82, 193.3, 'https://jin749.site:60101/static/pickedImages/female/PFfa6121a7a71cc69c.png', 'INFP', now(), now());

insert into `group` (id, group_name, gender, school, member_size_limit, is_matched, is_joinable, memo, ideal_photo, created_at, updated_at) values (1, '과팅팀1', 'MEN', '중부대', 4, false, true, '', 'https://jin749.site:60101/static/pickedImages/female/PFdee060a7257ac785.png', now(), now());
insert into `group` (id, group_name, gender, school, member_size_limit, is_matched, is_joinable, memo, ideal_photo, created_at, updated_at) values (2, '과팅팀2', 'WOMEN', '평택대', 4, false, true, '', 'https://jin749.site:60101/static/pickedImages/male/PMb86825e197e10fd5.png', now(), now());
insert into `group` (id, group_name, gender, school, member_size_limit, is_matched, is_joinable, memo, ideal_photo, created_at, updated_at) values (3, '과팅팀3', 'MEN', '경희대', 4, false, true, '', 'https://jin749.site:60101/static/pickedImages/female/PF8fb434f2f21b82d8.png', now(), now());
insert into `group` (id, group_name, gender, school, member_size_limit, is_matched, is_joinable, memo, ideal_photo, created_at, updated_at) values (4, '과팅팀4', 'MEN', '명지대', 4, false, true, '', 'https://jin749.site:60101/static/pickedImages/female/PFcfa025e3817f86d4.png', now(), now());
insert into `group` (id, group_name, gender, school, member_size_limit, is_matched, is_joinable, memo, ideal_photo, created_at, updated_at) values (5, '과팅팀5', 'MEN', '한국외대', 4, false, true, '', 'https://jin749.site:60101/static/pickedImages/female/PF9a65619787788796.png', now(), now());
insert into `group` (id, group_name, gender, school, member_size_limit, is_matched, is_joinable, memo, ideal_photo, created_at, updated_at) values (6, '과팅팀6', 'WOMEN', '신경대', 4, false, true, '', 'https://jin749.site:60101/static/pickedImages/male/PM9e6471d297c84fc4.png', now(), now());
insert into `group` (id, group_name, gender, school, member_size_limit, is_matched, is_joinable, memo, ideal_photo, created_at, updated_at) values (7, '과팅팀7', 'WOMEN', '한성대', 4, false, true, '', 'https://jin749.site:60101/static/pickedImages/male/PMb86c71939161ce97.png', now(), now());
insert into `group` (id, group_name, gender, school, member_size_limit, is_matched, is_joinable, memo, ideal_photo, created_at, updated_at) values (8, '과팅팀8', 'WOMEN', '단국대', 4, false, true, '', 'https://jin749.site:60101/static/pickedImages/male/PM9a69618797487ba5.png', now(), now());
insert into `group` (id, group_name, gender, school, member_size_limit, is_matched, is_joinable, memo, ideal_photo, created_at, updated_at) values (9, '과팅팀9', 'MEN', '삼육대', 4, false, true, '', 'https://jin749.site:60101/static/pickedImages/female/PFdee920b7076f8584.png', now(), now());
insert into `group` (id, group_name, gender, school, member_size_limit, is_matched, is_joinable, memo, ideal_photo, created_at, updated_at) values (10, '과팅팀10', 'WOMEN', '연세대', 4, false, false, '', 'https://jin749.site:60101/static/pickedImages/male/PMe86871b1b3a1c5cd.png', now(), now());
insert into `group` (id, group_name, gender, school, member_size_limit, is_matched, is_joinable, memo, ideal_photo, created_at, updated_at) values (11, '과팅팀11', 'WOMEN', '이화여대', 4, false, true, '', 'https://jin749.site:60101/static/pickedImages/male/PMaf3d34f0d0d06ed0.png', now(), now());
insert into `group` (id, group_name, gender, school, member_size_limit, is_matched, is_joinable, memo, ideal_photo, created_at, updated_at) values (12, '과팅팀12', 'MEN', '광운대', 4, false, true, '', 'https://jin749.site:60101/static/pickedImages/female/PFea68a5a786949e9c.png', now(), now());
insert into `group` (id, group_name, gender, school, member_size_limit, is_matched, is_joinable, memo, ideal_photo, created_at, updated_at) values (13, '과팅팀13', 'MEN', '대진대', 4, false, true, '', 'https://jin749.site:60101/static/pickedImages/female/PF8f7075d2c738c691.png', now(), now());
insert into `group` (id, group_name, gender, school, member_size_limit, is_matched, is_joinable, memo, ideal_photo, created_at, updated_at) values (14, '과팅팀14', 'WOMEN', '성신여대', 4, false, true, '', 'https://jin749.site:60101/static/pickedImages/male/PMb8686195856d6797.png', now(), now());
insert into `group` (id, group_name, gender, school, member_size_limit, is_matched, is_joinable, memo, ideal_photo, created_at, updated_at) values (15, '과팅팀15', 'WOMEN', '동국대', 4, false, true, '', 'https://jin749.site:60101/static/pickedImages/male/PM9a6c6926256cda9b.png', now(), now());
insert into `group` (id, group_name, gender, school, member_size_limit, is_matched, is_joinable, memo, ideal_photo, created_at, updated_at) values (16, '과팅팀16', 'MEN', '아주대', 4, false, true, '', 'https://jin749.site:60101/static/pickedImages/female/PFdea021f7836fc684.png', now(), now());
insert into `group` (id, group_name, gender, school, member_size_limit, is_matched, is_joinable, memo, ideal_photo, created_at, updated_at) values (17, '과팅팀17', 'WOMEN', '서울시립대', 4, false, true, '', 'https://jin749.site:60101/static/pickedImages/male/PMac2c71b393e16ccc.png', now(), now());
insert into `group` (id, group_name, gender, school, member_size_limit, is_matched, is_joinable, memo, ideal_photo, created_at, updated_at) values (18, '과팅팀18', 'MEN', '한양대', 4, false, false, '', 'https://jin749.site:60101/static/pickedImages/female/PFfae161b78729c684.png', now(), now());
insert into `group` (id, group_name, gender, school, member_size_limit, is_matched, is_joinable, memo, ideal_photo, created_at, updated_at) values (19, '과팅팀19', 'MEN', '카이스트', 4, false, true, '', 'https://jin749.site:60101/static/pickedImages/female/PFfa6121a7a71cc69c.png', now(), now());
insert into `group` (id, group_name, gender, school, member_size_limit, is_matched, is_joinable, memo, ideal_photo, created_at, updated_at) values (20, '과팅팀20', 'WOMEN', '충남대', 4, false, true, '', 'https://jin749.site:60101/static/pickedImages/male/PMf86861a3b3616d8d.png', now(), now());

insert into group_like_to_join(id, from_user_id, to_group_id, created_at, updated_at) values (1, 1, 16, now(), now());
insert into group_like_to_join(id, from_user_id, to_group_id, created_at, updated_at) values (2, 1, 18, now(), now());

insert into group_date_request(id, from_id, to_id, created_at, updated_at) values (1, 2, 1, now(), now());
insert into group_date_request(id, from_id, to_id, created_at, updated_at) values (2, 6, 1, now(), now());
insert into group_date_request(id, from_id, to_id, created_at, updated_at) values (3, 7, 1, now(), now());
insert into group_date_request(id, from_id, to_id, created_at, updated_at) values (4, 8, 1, now(), now());
insert into group_date_request(id, from_id, to_id, created_at, updated_at) values (5, 1, 17, now(), now());
insert into group_date_request(id, from_id, to_id, created_at, updated_at) values (6, 1, 19, now(), now());

insert into group_member (id, group_id, member_id, role, created_at, updated_at) values (1, 1, 1, 'LEADER', now(), now());
insert into group_member (id, group_id, member_id, role, created_at, updated_at) values (2, 2, 2, 'LEADER', now(), now());
insert into group_member (id, group_id, member_id, role, created_at, updated_at) values (3, 3, 10, 'LEADER', now(), now());
insert into group_member (id, group_id, member_id, role, created_at, updated_at) values (4, 4, 18, 'LEADER', now(), now());
insert into group_member (id, group_id, member_id, role, created_at, updated_at) values (5, 5, 5, 'LEADER', now(), now());
insert into group_member (id, group_id, member_id, role, created_at, updated_at) values (6, 6, 6, 'LEADER', now(), now());
insert into group_member (id, group_id, member_id, role, created_at, updated_at) values (7, 7, 7, 'LEADER', now(), now());
insert into group_member (id, group_id, member_id, role, created_at, updated_at) values (8, 8, 8, 'LEADER', now(), now());
insert into group_member (id, group_id, member_id, role, created_at, updated_at) values (9, 9, 21, 'LEADER', now(), now());
insert into group_member (id, group_id, member_id, role, created_at, updated_at) values (10, 10, 13, 'LEADER', now(), now());
insert into group_member (id, group_id, member_id, role, created_at, updated_at) values (11, 11, 20, 'LEADER', now(), now());
insert into group_member (id, group_id, member_id, role, created_at, updated_at) values (12, 12, 22, 'LEADER', now(), now());
insert into group_member (id, group_id, member_id, role, created_at, updated_at) values (13, 13, 23, 'LEADER', now(), now());
insert into group_member (id, group_id, member_id, role, created_at, updated_at) values (14, 14, 26, 'LEADER', now(), now());
insert into group_member (id, group_id, member_id, role, created_at, updated_at) values (15, 15, 27, 'LEADER', now(), now());
insert into group_member (id, group_id, member_id, role, created_at, updated_at) values (16, 16, 15, 'LEADER', now(), now());
insert into group_member (id, group_id, member_id, role, created_at, updated_at) values (17, 17, 28, 'LEADER', now(), now());
insert into group_member (id, group_id, member_id, role, created_at, updated_at) values (18, 18, 24, 'LEADER', now(), now());
insert into group_member (id, group_id, member_id, role, created_at, updated_at) values (19, 19, 31, 'LEADER', now(), now());
insert into group_member (id, group_id, member_id, role, created_at, updated_at) values (20, 20, 30, 'LEADER', now(), now());

insert into group_member (id, group_id, member_id, role, created_at, updated_at) values (21, 1, 14, 'MEMBER', now(), now());
insert into group_member (id, group_id, member_id, role, created_at, updated_at) values (22, 1, 10, 'MEMBER', now(), now());
insert into group_member (id, group_id, member_id, role, created_at, updated_at) values (23, 3, 1, 'MEMBER', now(), now());
insert into group_member (id, group_id, member_id, role, created_at, updated_at) values (24, 5, 1, 'MEMBER', now(), now());
insert into group_member (id, group_id, member_id, role, created_at, updated_at) values (25, 4, 21, 'MEMBER', now(), now());
insert into group_member (id, group_id, member_id, role, created_at, updated_at) values (26, 17, 29, 'MEMBER', now(), now());
insert into group_member (id, group_id, member_id, role, created_at, updated_at) values (27, 10, 29, 'MEMBER', now(), now());
insert into group_member (id, group_id, member_id, role, created_at, updated_at) values (28, 10, 28, 'MEMBER', now(), now());
insert into group_member (id, group_id, member_id, role, created_at, updated_at) values (29, 10, 27, 'MEMBER', now(), now());
insert into group_member (id, group_id, member_id, role, created_at, updated_at) values (30, 18, 21, 'MEMBER', now(), now());
insert into group_member (id, group_id, member_id, role, created_at, updated_at) values (31, 18, 22, 'MEMBER', now(), now());
insert into group_member (id, group_id, member_id, role, created_at, updated_at) values (32, 18, 23, 'MEMBER', now(), now());

insert into group_member_request (id, group_id, user_id, created_at, updated_at) values (1, 1, 5, now(), now());
insert into group_member_request (id, group_id, user_id, created_at, updated_at) values (2, 1, 4, now(), now());
insert into group_member_request (id, group_id, user_id, created_at, updated_at) values (3, 2, 3, now(), now());
insert into group_member_request (id, group_id, user_id, created_at, updated_at) values (4, 4, 1, now(), now());
insert into group_member_request (id, group_id, user_id, created_at, updated_at) values (5, 19, 1, now(), now());

insert into group_like_to_date(id, from_group_member_id, to_group_id, created_at, updated_at) values (1, 1, 10, now(), now());
insert into group_like_to_date(id, from_group_member_id, to_group_id, created_at, updated_at) values (2, 8, 1, now(), now());
insert into group_like_to_date(id, from_group_member_id, to_group_id, created_at, updated_at) values (3, 1, 8, now(), now());

insert into blind_request(id, from_user_id, to_user_id, request_status, created_at, updated_at) values(1, 13, 9, 'PENDING', now(), now());
insert into blind_request(id, from_user_id, to_user_id, request_status, created_at, updated_at) values(2, 16, 9, 'PENDING', now(), now());